client_id,age,sex,city_type,education_level,household_size,residence_type,marital_status,dependents_count
1,33,F,urban,secondary,5,owned,young_family,4
2,27,M,urban,technical,1,owned,young_family,0
3,63,F,urban,secondary,2,rented,pre_mature,1
4,26,F,urban,primary,6,rented,young_family,5
5,27,M,urban,secondary,3,rented,young_family,2
6,46,F,urban,primary,5,owned,senior_family,4
7,23,F,rural,secondary,7,rented,single,6
8,32,F,urban,secondary,2,rented,young_family,1
9,71,M,urban,technical,7,owned,mature,6
10,53,F,urban,primary,1,rented,senior_family,0
11,72,F,rural,primary,2,owned,mature,1
12,38,F,rural,secondary,4,family,mid_family,3
13,53,M,urban,primary,7,other,senior_family,6
14,31,M,urban,primary,4,owned,young_family,3
15,39,F,rural,secondary,1,rented,mid_family,0
16,27,F,urban,secondary,2,rented,young_family,1
17,65,M,urban,primary,6,family,mature,5
18,28,F,rural,secondary,4,rented,young_family,3
19,29,F,urban,university,1,rented,young_family,0
20,44,F,urban,secondary,4,owned,mid_family,3
21,42,M,rural,primary,3,owned,mid_family,2
22,35,F,urban,primary,1,rented,mid_family,0
23,38,M,urban,primary,2,rented,mid_family,1
24,34,M,urban,secondary,7,family,young_family,6
25,70,F,rural,technical,5,family,mature,4
26,51,F,rural,none,1,rented,senior_family,0
27,70,M,rural,primary,1,rented,mature,0
28,74,F,urban,secondary,3,family,mature,2
29,55,F,rural,secondary,4,family,pre_mature,3
30,65,M,rural,university,4,family,mature,3
31,24,M,urban,primary,5,other,single,4
32,72,F,urban,primary,2,rented,mature,1
33,45,F,urban,secondary,1,rented,senior_family,0
34,58,M,rural,primary,5,rented,pre_mature,4
35,31,F,urban,primary,7,owned,young_family,6
36,23,F,urban,secondary,2,rented,single,1
37,68,F,rural,secondary,3,rented,mature,2
38,43,F,rural,primary,5,rented,mid_family,4
39,25,M,rural,secondary,2,owned,young_family,1
40,55,M,urban,secondary,7,rented,pre_mature,6
41,21,M,urban,primary,2,rented,single,1
42,43,F,urban,university,4,rented,mid_family,3
43,58,F,urban,primary,3,owned,pre_mature,2
44,59,F,rural,university,5,rented,pre_mature,4
45,43,M,urban,university,2,owned,mid_family,1
46,39,F,urban,secondary,1,owned,mid_family,0
47,65,M,urban,primary,4,rented,mature,3
48,28,M,urban,technical,7,family,young_family,6
49,22,M,rural,secondary,5,rented,single,4
50,26,F,urban,primary,6,rented,young_family,5
51,63,M,urban,secondary,4,family,pre_mature,3
52,44,F,urban,secondary,1,rented,mid_family,0
53,20,F,urban,university,3,family,single,2
54,27,F,urban,technical,7,owned,young_family,6
55,19,M,rural,university,6,rented,single,5
56,64,F,urban,technical,5,owned,pre_mature,4
57,44,F,urban,secondary,3,rented,mid_family,2
58,21,M,rural,secondary,5,other,single,4
59,30,F,urban,university,5,rented,young_family,4
60,53,F,urban,university,5,rented,senior_family,4
61,51,M,urban,technical,7,owned,senior_family,6
62,64,F,urban,technical,5,family,pre_mature,4
63,19,M,urban,secondary,2,rented,single,1
64,21,M,rural,primary,2,owned,single,1
65,20,F,rural,university,5,other,single,4
66,40,M,urban,none,7,rented,mid_family,6
67,59,M,urban,primary,7,rented,pre_mature,6
68,55,M,urban,secondary,5,owned,pre_mature,4
69,29,M,urban,secondary,4,owned,young_family,3
70,55,M,urban,secondary,6,family,pre_mature,5
71,55,F,urban,primary,7,rented,pre_mature,6
72,28,M,urban,primary,1,other,young_family,0
73,60,M,rural,primary,3,owned,pre_mature,2
74,42,F,rural,secondary,3,rented,mid_family,2
75,21,F,urban,none,4,rented,single,3
76,40,M,rural,technical,3,rented,mid_family,2
77,61,M,urban,primary,3,rented,pre_mature,2
78,57,M,urban,secondary,1,rented,pre_mature,0
79,33,M,urban,secondary,1,rented,young_family,0
80,61,M,urban,secondary,4,family,pre_mature,3
81,40,F,urban,university,7,owned,mid_family,6
82,44,F,urban,primary,3,rented,mid_family,2
83,22,M,urban,secondary,2,rented,single,1
84,74,F,urban,technical,2,owned,mature,1
85,65,M,urban,none,7,owned,mature,6
86,29,M,urban,technical,5,other,young_family,4
87,49,M,urban,university,5,owned,senior_family,4
88,62,M,urban,secondary,2,owned,pre_mature,1
89,46,F,urban,university,7,rented,senior_family,6
90,30,M,urban,secondary,2,owned,young_family,1
91,73,F,urban,secondary,7,owned,mature,6
92,33,M,urban,primary,7,owned,young_family,6
93,37,F,rural,none,4,owned,mid_family,3
94,39,F,urban,primary,7,rented,mid_family,6
95,68,M,urban,secondary,7,family,mature,6
96,46,M,urban,secondary,5,owned,senior_family,4
97,59,F,urban,primary,6,rented,pre_mature,5
98,69,F,urban,secondary,5,rented,mature,4
99,70,M,urban,primary,4,owned,mature,3
100,66,F,rural,secondary,3,rented,mature,2
101,69,M,urban,primary,5,rented,mature,4
102,72,M,urban,technical,2,owned,mature,1
103,74,F,urban,secondary,2,rented,mature,1
104,54,M,urban,technical,2,owned,senior_family,1
105,25,M,rural,primary,1,family,young_family,0
106,24,M,urban,secondary,7,other,single,6
107,63,M,urban,university,2,family,pre_mature,1
108,36,M,rural,primary,6,owned,mid_family,5
109,63,M,urban,secondary,4,rented,pre_mature,3
110,71,F,urban,none,3,rented,mature,2
111,54,F,urban,primary,2,owned,senior_family,1
112,61,M,urban,secondary,6,family,pre_mature,5
113,33,M,urban,primary,4,rented,young_family,3
114,42,F,rural,secondary,4,owned,mid_family,3
115,73,M,urban,university,5,other,mature,4
116,64,M,urban,primary,6,owned,pre_mature,5
117,29,F,urban,primary,5,rented,young_family,4
118,71,M,urban,technical,4,owned,mature,3
119,46,F,urban,secondary,7,owned,senior_family,6
120,66,F,urban,university,7,other,mature,6
121,47,F,urban,secondary,7,rented,senior_family,6
122,52,M,rural,secondary,1,owned,senior_family,0
123,27,M,urban,university,7,rented,young_family,6
124,37,M,urban,primary,2,family,mid_family,1
125,59,F,rural,technical,5,family,pre_mature,4
126,66,F,rural,secondary,5,family,mature,4
127,23,F,rural,technical,2,family,single,1
128,22,M,rural,primary,1,rented,single,0
129,57,F,urban,secondary,7,owned,pre_mature,6
130,43,F,urban,primary,7,family,mid_family,6
131,66,F,rural,university,2,owned,mature,1
132,21,F,urban,primary,5,owned,single,4
133,37,M,urban,primary,2,rented,mid_family,1
134,20,M,rural,university,4,owned,single,3
135,58,F,urban,secondary,3,rented,pre_mature,2
136,66,M,urban,secondary,6,family,mature,5
137,26,M,urban,primary,5,rented,young_family,4
138,36,M,urban,secondary,4,rented,mid_family,3
139,66,M,urban,primary,5,rented,mature,4
140,20,F,urban,secondary,4,rented,single,3
141,72,M,rural,secondary,1,owned,mature,0
142,68,M,urban,secondary,5,owned,mature,4
143,26,F,urban,primary,6,rented,young_family,5
144,25,F,rural,primary,4,rented,young_family,3
145,57,M,rural,technical,2,rented,pre_mature,1
146,18,M,urban,primary,1,owned,single,0
147,46,M,urban,primary,3,owned,senior_family,2
148,21,M,urban,secondary,6,rented,single,5
149,48,M,rural,secondary,3,rented,senior_family,2
150,37,M,urban,technical,7,rented,mid_family,6
151,58,F,urban,secondary,3,family,pre_mature,2
152,68,F,urban,university,3,rented,mature,2
153,45,F,urban,technical,6,owned,senior_family,5
154,54,M,urban,technical,5,rented,senior_family,4
155,52,M,rural,technical,1,owned,senior_family,0
156,74,F,rural,primary,1,owned,mature,0
157,31,F,urban,university,2,rented,young_family,1
158,31,F,urban,technical,7,owned,young_family,6
159,39,M,urban,secondary,1,owned,mid_family,0
160,59,M,urban,primary,1,family,pre_mature,0
161,67,M,urban,primary,6,rented,mature,5
162,33,F,urban,secondary,5,family,young_family,4
163,24,M,urban,secondary,7,family,single,6
164,52,F,urban,technical,2,owned,senior_family,1
165,52,F,urban,secondary,5,rented,senior_family,4
166,39,F,urban,secondary,1,rented,mid_family,0
167,28,M,urban,primary,5,rented,young_family,4
168,66,F,urban,primary,1,owned,mature,0
169,66,F,urban,primary,7,owned,mature,6
170,60,M,urban,technical,3,owned,pre_mature,2
171,51,F,rural,secondary,2,rented,senior_family,1
172,32,F,rural,university,7,owned,young_family,6
173,40,F,urban,technical,1,rented,mid_family,0
174,21,M,urban,technical,6,family,single,5
175,32,F,urban,secondary,4,rented,young_family,3
176,43,M,urban,technical,5,rented,mid_family,4
177,42,M,rural,university,2,owned,mid_family,1
178,22,M,urban,technical,7,family,single,6
179,72,M,urban,primary,4,rented,mature,3
180,33,M,urban,technical,3,rented,young_family,2
181,47,M,urban,primary,4,family,senior_family,3
182,44,F,urban,primary,3,owned,mid_family,2
183,44,M,rural,technical,3,rented,mid_family,2
184,66,F,urban,technical,1,owned,mature,0
185,60,M,urban,primary,4,owned,pre_mature,3
186,67,F,urban,primary,4,rented,mature,3
187,39,F,rural,university,3,rented,mid_family,2
188,33,F,urban,primary,7,owned,young_family,6
189,42,F,urban,none,1,rented,mid_family,0
190,50,F,urban,technical,7,family,senior_family,6
191,37,M,urban,technical,7,family,mid_family,6
192,44,M,rural,secondary,1,owned,mid_family,0
193,26,M,urban,secondary,5,rented,young_family,4
194,51,M,urban,secondary,2,owned,senior_family,1
195,58,M,rural,primary,1,rented,pre_mature,0
196,48,M,urban,technical,7,rented,senior_family,6
197,67,F,urban,technical,1,rented,mature,0
198,74,F,urban,secondary,3,owned,mature,2
199,69,F,rural,primary,1,rented,mature,0
200,23,F,urban,primary,1,owned,single,0
201,68,M,urban,primary,1,owned,mature,0
202,37,M,urban,primary,6,rented,mid_family,5
203,43,F,urban,none,1,owned,mid_family,0
204,41,F,urban,technical,6,rented,mid_family,5
205,34,M,urban,primary,2,rented,young_family,1
206,68,M,urban,technical,7,rented,mature,6
207,54,M,urban,secondary,6,rented,senior_family,5
208,73,M,rural,technical,5,rented,mature,4
209,72,M,urban,university,6,family,mature,5
210,41,M,rural,secondary,3,owned,mid_family,2
211,59,F,urban,primary,6,rented,pre_mature,5
212,46,F,urban,technical,2,rented,senior_family,1
213,46,F,urban,none,5,owned,senior_family,4
214,60,F,urban,primary,7,owned,pre_mature,6
215,57,F,urban,primary,6,owned,pre_mature,5
216,69,M,urban,university,2,rented,mature,1
217,62,F,rural,none,6,rented,pre_mature,5
218,53,M,rural,secondary,7,rented,senior_family,6
219,70,F,urban,secondary,7,rented,mature,6
220,23,M,urban,technical,6,rented,single,5
221,61,F,urban,primary,6,owned,pre_mature,5
222,40,F,rural,university,6,rented,mid_family,5
223,42,M,urban,technical,6,rented,mid_family,5
224,62,M,urban,secondary,1,owned,pre_mature,0
225,33,M,urban,secondary,6,owned,young_family,5
226,68,F,urban,technical,2,owned,mature,1
227,46,F,urban,technical,4,family,senior_family,3
228,37,M,urban,secondary,3,owned,mid_family,2
229,36,F,urban,secondary,2,owned,mid_family,1
230,41,M,urban,none,2,owned,mid_family,1
231,71,M,urban,primary,1,owned,mature,0
232,23,M,urban,primary,4,rented,single,3
233,46,F,rural,none,3,rented,senior_family,2
234,65,M,urban,primary,3,rented,mature,2
235,44,M,rural,university,1,family,mid_family,0
236,50,M,urban,technical,5,owned,senior_family,4
237,37,F,urban,technical,2,rented,mid_family,1
238,25,M,rural,secondary,6,rented,young_family,5
239,54,F,urban,secondary,1,rented,senior_family,0
240,70,F,rural,primary,1,family,mature,0
241,47,F,urban,technical,3,owned,senior_family,2
242,42,M,urban,primary,3,rented,mid_family,2
243,25,F,urban,secondary,7,rented,young_family,6
244,71,M,urban,university,4,owned,mature,3
245,67,M,urban,university,3,family,mature,2
246,69,M,rural,primary,6,owned,mature,5
247,38,M,rural,technical,2,owned,mid_family,1
248,53,F,urban,primary,7,rented,senior_family,6
249,42,F,rural,none,3,rented,mid_family,2
250,31,F,rural,none,3,family,young_family,2
251,29,M,urban,primary,3,family,young_family,2
252,39,F,urban,technical,1,owned,mid_family,0
253,49,F,urban,secondary,5,rented,senior_family,4
254,24,M,urban,none,5,other,single,4
255,58,M,urban,university,5,owned,pre_mature,4
256,44,F,rural,secondary,5,rented,mid_family,4
257,68,M,urban,secondary,1,family,mature,0
258,33,M,urban,secondary,7,owned,young_family,6
259,20,F,urban,secondary,4,family,single,3
260,35,M,urban,secondary,5,rented,mid_family,4
261,73,M,urban,secondary,1,family,mature,0
262,36,F,urban,university,6,rented,mid_family,5
263,58,F,urban,secondary,5,rented,pre_mature,4
264,66,F,urban,secondary,3,rented,mature,2
265,34,F,urban,none,7,owned,young_family,6
266,54,F,urban,university,5,rented,senior_family,4
267,29,F,urban,secondary,7,family,young_family,6
268,38,F,urban,primary,6,other,mid_family,5
269,34,F,urban,university,2,other,young_family,1
270,56,M,urban,secondary,7,rented,pre_mature,6
271,67,F,rural,primary,6,rented,mature,5
272,32,F,urban,primary,2,rented,young_family,1
273,34,M,rural,secondary,6,rented,young_family,5
274,64,F,rural,university,4,rented,pre_mature,3
275,44,F,urban,secondary,7,owned,mid_family,6
276,47,M,urban,primary,2,owned,senior_family,1
277,58,M,urban,secondary,2,rented,pre_mature,1
278,25,M,rural,secondary,3,owned,young_family,2
279,67,M,urban,primary,4,owned,mature,3
280,38,M,urban,university,5,owned,mid_family,4
281,55,M,urban,none,2,family,pre_mature,1
282,42,M,urban,university,5,other,mid_family,4
283,60,M,urban,technical,1,rented,pre_mature,0
284,52,F,urban,primary,3,family,senior_family,2
285,27,F,urban,technical,5,family,young_family,4
286,28,M,rural,technical,2,owned,young_family,1
287,68,M,urban,secondary,4,owned,mature,3
288,47,M,urban,secondary,5,owned,senior_family,4
289,33,M,urban,none,2,owned,young_family,1
290,26,M,rural,primary,7,rented,young_family,6
291,25,M,urban,technical,6,owned,young_family,5
292,70,M,rural,primary,7,family,mature,6
293,73,F,urban,primary,4,rented,mature,3
294,40,M,rural,secondary,3,rented,mid_family,2
295,29,F,urban,primary,7,other,young_family,6
296,41,M,urban,technical,6,other,mid_family,5
297,25,M,urban,technical,6,rented,young_family,5
298,49,F,rural,technical,2,rented,senior_family,1
299,53,M,rural,none,7,other,senior_family,6
300,74,F,urban,secondary,4,rented,mature,3
301,36,F,urban,technical,6,family,mid_family,5
302,29,F,urban,secondary,6,owned,young_family,5
303,25,M,urban,technical,1,rented,young_family,0
304,39,F,urban,secondary,1,rented,mid_family,0
305,52,M,urban,secondary,1,owned,senior_family,0
306,21,M,urban,primary,5,owned,single,4
307,61,M,urban,technical,7,owned,pre_mature,6
308,44,F,rural,primary,1,owned,mid_family,0
309,63,F,urban,university,1,owned,pre_mature,0
310,44,M,urban,secondary,4,rented,mid_family,3
311,26,M,urban,primary,3,family,young_family,2
312,19,F,urban,technical,1,rented,single,0
313,49,F,urban,secondary,5,rented,senior_family,4
314,48,M,urban,primary,7,owned,senior_family,6
315,64,M,urban,university,2,family,pre_mature,1
316,68,F,urban,technical,1,owned,mature,0
317,27,F,urban,secondary,2,owned,young_family,1
318,35,F,urban,technical,2,rented,mid_family,1
319,29,M,urban,secondary,4,family,young_family,3
320,24,M,urban,secondary,1,other,single,0
321,18,M,urban,primary,3,rented,single,2
322,22,M,urban,primary,1,rented,single,0
323,47,F,urban,secondary,5,rented,senior_family,4
324,26,M,urban,secondary,4,rented,young_family,3
325,29,F,rural,technical,1,owned,young_family,0
326,24,F,urban,secondary,1,owned,single,0
327,59,F,urban,secondary,4,other,pre_mature,3
328,54,F,urban,technical,5,other,senior_family,4
329,72,F,urban,university,2,owned,mature,1
330,24,M,urban,secondary,3,owned,single,2
331,29,M,urban,university,5,owned,young_family,4
332,43,M,urban,technical,4,rented,mid_family,3
333,54,F,urban,primary,1,owned,senior_family,0
334,25,F,urban,secondary,3,rented,young_family,2
335,30,M,urban,primary,2,owned,young_family,1
336,42,M,urban,technical,7,owned,mid_family,6
337,19,M,urban,secondary,6,owned,single,5
338,40,M,urban,secondary,3,rented,mid_family,2
339,61,F,urban,technical,2,owned,pre_mature,1
340,48,M,urban,secondary,1,rented,senior_family,0
341,42,F,rural,secondary,6,rented,mid_family,5
342,45,F,rural,university,7,rented,senior_family,6
343,71,M,rural,university,2,owned,mature,1
344,47,M,urban,technical,5,rented,senior_family,4
345,48,F,urban,primary,2,owned,senior_family,1
346,71,F,rural,primary,7,rented,mature,6
347,26,M,urban,primary,3,rented,young_family,2
348,23,M,urban,secondary,1,family,single,0
349,43,F,urban,primary,7,other,mid_family,6
350,36,F,rural,university,7,rented,mid_family,6
351,29,F,urban,technical,3,family,young_family,2
352,24,F,urban,secondary,7,owned,single,6
353,68,F,urban,primary,2,rented,mature,1
354,53,M,urban,secondary,2,owned,senior_family,1
355,57,F,urban,secondary,4,owned,pre_mature,3
356,24,M,urban,technical,5,rented,single,4
357,37,F,urban,primary,3,rented,mid_family,2
358,53,F,urban,technical,6,rented,senior_family,5
359,48,F,urban,primary,6,family,senior_family,5
360,57,M,urban,primary,1,rented,pre_mature,0
361,56,F,urban,university,7,family,pre_mature,6
362,41,F,urban,primary,2,family,mid_family,1
363,62,F,rural,primary,4,family,pre_mature,3
364,32,F,urban,secondary,3,owned,young_family,2
365,22,M,urban,secondary,4,rented,single,3
366,70,M,rural,primary,1,rented,mature,0
367,19,F,urban,none,3,other,single,2
368,34,F,rural,primary,1,owned,young_family,0
369,24,F,urban,secondary,7,owned,single,6
370,31,F,urban,primary,2,owned,young_family,1
371,40,M,urban,technical,4,owned,mid_family,3
372,25,M,urban,university,2,family,young_family,1
373,44,F,urban,primary,2,owned,mid_family,1
374,70,M,urban,secondary,3,rented,mature,2
375,25,F,urban,primary,7,rented,young_family,6
376,70,F,urban,primary,4,rented,mature,3
377,41,F,urban,primary,7,owned,mid_family,6
378,51,M,urban,technical,6,rented,senior_family,5
379,43,F,urban,secondary,4,rented,mid_family,3
380,36,M,rural,secondary,7,other,mid_family,6
381,24,M,urban,technical,3,rented,single,2
382,51,M,rural,technical,4,other,senior_family,3
383,70,M,urban,secondary,5,owned,mature,4
384,47,F,urban,primary,5,rented,senior_family,4
385,52,F,urban,university,6,rented,senior_family,5
386,54,M,rural,secondary,2,rented,senior_family,1
387,40,F,urban,technical,4,rented,mid_family,3
388,24,M,rural,technical,5,owned,single,4
389,46,F,rural,secondary,3,owned,senior_family,2
390,67,F,urban,primary,7,family,mature,6
391,35,F,urban,primary,3,family,mid_family,2
392,67,M,urban,secondary,3,owned,mature,2
393,66,M,urban,secondary,3,rented,mature,2
394,31,M,urban,technical,5,rented,young_family,4
395,50,F,rural,technical,1,rented,senior_family,0
396,60,F,urban,university,2,owned,pre_mature,1
397,46,M,urban,university,6,family,senior_family,5
398,57,M,urban,technical,2,rented,pre_mature,1
399,69,F,urban,primary,1,rented,mature,0
400,53,M,rural,secondary,2,rented,senior_family,1
401,65,F,urban,secondary,3,rented,mature,2
402,63,F,rural,secondary,1,owned,pre_mature,0
403,64,M,urban,primary,6,family,pre_mature,5
404,66,M,urban,secondary,1,owned,mature,0
405,30,M,urban,secondary,3,family,young_family,2
406,19,M,urban,secondary,2,family,single,1
407,26,F,urban,technical,3,rented,young_family,2
408,32,F,rural,secondary,1,rented,young_family,0
409,57,M,rural,secondary,7,owned,pre_mature,6
410,47,F,urban,secondary,7,rented,senior_family,6
411,44,M,urban,secondary,1,rented,mid_family,0
412,18,M,rural,primary,2,owned,single,1
413,56,F,rural,secondary,7,owned,pre_mature,6
414,38,F,urban,secondary,3,other,mid_family,2
415,61,F,urban,technical,1,owned,pre_mature,0
416,24,M,rural,primary,1,owned,single,0
417,34,F,urban,university,3,owned,young_family,2
418,21,M,urban,technical,4,rented,single,3
419,34,F,rural,secondary,5,rented,young_family,4
420,70,F,urban,secondary,2,rented,mature,1
421,45,F,rural,secondary,3,rented,senior_family,2
422,43,M,urban,technical,2,owned,mid_family,1
423,33,M,urban,technical,4,rented,young_family,3
424,33,F,rural,technical,3,owned,young_family,2
425,56,M,rural,university,2,family,pre_mature,1
426,74,F,rural,secondary,6,owned,mature,5
427,60,M,rural,technical,4,owned,pre_mature,3
428,60,F,urban,secondary,4,rented,pre_mature,3
429,44,M,rural,secondary,1,owned,mid_family,0
430,23,F,rural,secondary,1,rented,single,0
431,59,M,urban,technical,6,rented,pre_mature,5
432,64,M,urban,none,7,other,pre_mature,6
433,47,F,urban,primary,5,owned,senior_family,4
434,23,M,urban,primary,1,rented,single,0
435,58,F,urban,university,4,rented,pre_mature,3
436,70,F,urban,secondary,2,owned,mature,1
437,30,F,urban,secondary,1,rented,young_family,0
438,27,F,urban,secondary,1,family,young_family,0
439,60,F,urban,secondary,4,rented,pre_mature,3
440,36,M,rural,university,3,family,mid_family,2
441,58,F,urban,university,4,rented,pre_mature,3
442,58,M,urban,technical,5,rented,pre_mature,4
443,33,F,urban,technical,2,family,young_family,1
444,20,M,rural,primary,3,owned,single,2
445,49,F,rural,primary,5,rented,senior_family,4
446,41,M,urban,secondary,2,rented,mid_family,1
447,66,M,urban,technical,1,family,mature,0
448,38,M,urban,primary,6,family,mid_family,5
449,32,M,urban,technical,2,owned,young_family,1
450,67,M,urban,primary,1,rented,mature,0
451,59,M,urban,primary,6,owned,pre_mature,5
452,53,M,urban,secondary,4,rented,senior_family,3
453,72,F,urban,technical,2,rented,mature,1
454,62,M,urban,technical,6,owned,pre_mature,5
455,67,F,urban,secondary,2,family,mature,1
456,63,M,urban,technical,5,rented,pre_mature,4
457,40,F,urban,technical,5,rented,mid_family,4
458,21,M,urban,secondary,6,other,single,5
459,52,F,urban,technical,6,rented,senior_family,5
460,61,F,rural,primary,5,rented,pre_mature,4
461,74,F,urban,secondary,1,owned,mature,0
462,56,M,urban,primary,7,owned,pre_mature,6
463,50,M,urban,secondary,1,owned,senior_family,0
464,50,M,rural,secondary,2,owned,senior_family,1
465,24,M,rural,primary,4,owned,single,3
466,18,M,rural,secondary,3,rented,single,2
467,20,F,urban,technical,5,rented,single,4
468,69,M,rural,secondary,1,owned,mature,0
469,63,F,urban,primary,4,rented,pre_mature,3
470,32,M,rural,primary,3,family,young_family,2
471,42,M,rural,secondary,5,owned,mid_family,4
472,45,M,urban,technical,4,rented,senior_family,3
473,32,M,urban,university,6,owned,young_family,5
474,42,F,urban,secondary,2,rented,mid_family,1
475,37,F,urban,technical,7,rented,mid_family,6
476,57,F,rural,secondary,3,owned,pre_mature,2
477,61,M,urban,university,3,owned,pre_mature,2
478,23,M,urban,primary,4,family,single,3
479,44,F,rural,secondary,2,owned,mid_family,1
480,74,M,urban,secondary,6,rented,mature,5
481,67,M,urban,secondary,2,rented,mature,1
482,63,F,urban,none,7,owned,pre_mature,6
483,59,M,rural,primary,2,rented,pre_mature,1
484,18,M,urban,secondary,7,rented,single,6
485,73,M,urban,technical,3,owned,mature,2
486,59,F,urban,technical,5,family,pre_mature,4
487,68,M,rural,primary,7,rented,mature,6
488,69,F,urban,university,1,rented,mature,0
489,32,M,urban,secondary,3,owned,young_family,2
490,18,M,rural,university,7,owned,single,6
491,55,M,urban,primary,2,rented,pre_mature,1
492,44,F,urban,technical,1,rented,mid_family,0
493,19,M,urban,university,4,owned,single,3
494,33,F,urban,technical,1,rented,young_family,0
495,74,M,urban,technical,7,rented,mature,6
496,38,M,urban,secondary,7,owned,mid_family,6
497,32,M,urban,technical,2,rented,young_family,1
498,55,M,urban,secondary,2,rented,pre_mature,1
499,55,M,urban,secondary,6,rented,pre_mature,5
500,36,F,urban,university,4,rented,mid_family,3
501,66,F,urban,primary,6,rented,mature,5
502,51,F,rural,secondary,7,family,senior_family,6
503,27,F,rural,university,3,family,young_family,2
504,36,F,urban,primary,2,rented,mid_family,1
505,66,F,rural,primary,5,rented,mature,4
506,23,M,rural,secondary,5,other,single,4
507,18,F,urban,technical,4,family,single,3
508,55,F,rural,university,3,owned,pre_mature,2
509,43,M,rural,primary,2,owned,mid_family,1
510,32,F,urban,secondary,4,rented,young_family,3
511,44,F,urban,secondary,3,family,mid_family,2
512,28,M,urban,technical,4,family,young_family,3
513,39,F,urban,technical,1,family,mid_family,0
514,31,M,urban,university,7,owned,young_family,6
515,51,M,urban,secondary,5,family,senior_family,4
516,56,M,urban,primary,7,owned,pre_mature,6
517,70,F,urban,secondary,6,rented,mature,5
518,21,M,rural,secondary,5,rented,single,4
519,36,F,urban,secondary,3,rented,mid_family,2
520,33,M,urban,primary,5,rented,young_family,4
521,51,M,urban,primary,4,owned,senior_family,3
522,48,F,urban,university,7,owned,senior_family,6
523,68,M,urban,primary,2,family,mature,1
524,70,F,urban,secondary,1,owned,mature,0
525,62,M,urban,technical,1,rented,pre_mature,0
526,29,F,urban,none,2,owned,young_family,1
527,20,F,urban,primary,5,owned,single,4
528,69,M,urban,secondary,2,owned,mature,1
529,71,M,urban,secondary,1,rented,mature,0
530,32,M,urban,secondary,3,rented,young_family,2
531,20,F,urban,secondary,6,owned,single,5
532,56,F,rural,primary,3,family,pre_mature,2
533,51,M,urban,none,2,owned,senior_family,1
534,68,M,urban,none,2,rented,mature,1
535,50,F,urban,secondary,6,owned,senior_family,5
536,61,M,urban,secondary,4,family,pre_mature,3
537,62,F,rural,university,3,owned,pre_mature,2
538,18,F,urban,none,6,rented,single,5
539,26,M,urban,secondary,3,rented,young_family,2
540,62,M,urban,secondary,3,rented,pre_mature,2
541,28,M,urban,technical,6,family,young_family,5
542,29,M,urban,secondary,3,owned,young_family,2
543,60,F,urban,none,4,rented,pre_mature,3
544,29,F,urban,secondary,5,family,young_family,4
545,26,F,urban,secondary,2,family,young_family,1
546,18,F,urban,technical,1,rented,single,0
547,44,M,rural,primary,6,rented,mid_family,5
548,54,F,urban,technical,3,rented,senior_family,2
549,59,M,urban,secondary,3,rented,pre_mature,2
550,69,M,urban,technical,5,family,mature,4
551,55,M,urban,primary,1,family,pre_mature,0
552,61,F,urban,technical,1,rented,pre_mature,0
553,30,F,urban,technical,3,rented,young_family,2
554,37,M,urban,secondary,7,rented,mid_family,6
555,35,F,urban,secondary,5,owned,mid_family,4
556,21,M,urban,primary,5,family,single,4
557,73,M,urban,primary,5,rented,mature,4
558,31,M,urban,technical,7,owned,young_family,6
559,43,F,urban,secondary,6,rented,mid_family,5
560,38,M,urban,technical,1,owned,mid_family,0
561,20,M,urban,technical,4,owned,single,3
562,69,M,urban,technical,4,rented,mature,3
563,30,F,rural,technical,2,rented,young_family,1
564,23,F,urban,secondary,7,rented,single,6
565,37,M,urban,secondary,2,owned,mid_family,1
566,26,F,urban,primary,6,rented,young_family,5
567,74,M,rural,technical,1,owned,mature,0
568,28,M,urban,university,5,family,young_family,4
569,35,F,urban,secondary,6,owned,mid_family,5
570,33,F,urban,university,4,family,young_family,3
571,19,M,urban,university,1,owned,single,0
572,18,F,rural,secondary,1,owned,single,0
573,47,M,urban,technical,5,rented,senior_family,4
574,31,F,urban,secondary,7,rented,young_family,6
575,22,F,urban,primary,5,family,single,4
576,34,F,urban,none,1,rented,young_family,0
577,33,M,rural,secondary,6,rented,young_family,5
578,42,F,rural,technical,4,owned,mid_family,3
579,74,F,rural,secondary,1,rented,mature,0
580,35,M,urban,technical,3,rented,mid_family,2
581,58,M,urban,technical,2,family,pre_mature,1
582,61,F,urban,technical,7,rented,pre_mature,6
583,20,M,urban,primary,7,rented,single,6
584,46,F,rural,secondary,1,family,senior_family,0
585,43,M,urban,primary,5,owned,mid_family,4
586,46,F,urban,primary,1,rented,senior_family,0
587,27,M,urban,primary,4,family,young_family,3
588,44,F,rural,primary,2,rented,mid_family,1
589,25,F,urban,primary,6,rented,young_family,5
590,71,M,urban,secondary,1,family,mature,0
591,51,F,urban,secondary,7,owned,senior_family,6
592,19,F,rural,primary,2,family,single,1
593,46,M,urban,university,2,rented,senior_family,1
594,70,M,urban,secondary,7,rented,mature,6
595,60,F,urban,university,7,owned,pre_mature,6
596,33,F,rural,secondary,1,rented,young_family,0
597,68,M,rural,none,1,owned,mature,0
598,28,F,urban,university,6,owned,young_family,5
599,32,M,urban,university,7,rented,young_family,6
600,26,M,urban,secondary,4,owned,young_family,3
601,70,F,urban,secondary,2,rented,mature,1
602,58,M,urban,secondary,2,owned,pre_mature,1
603,47,M,urban,secondary,2,owned,senior_family,1
604,56,M,rural,technical,5,owned,pre_mature,4
605,32,M,urban,secondary,1,rented,young_family,0
606,22,M,urban,primary,5,owned,single,4
607,66,F,urban,primary,6,owned,mature,5
608,72,F,urban,primary,2,rented,mature,1
609,20,F,urban,primary,7,rented,single,6
610,20,F,urban,secondary,7,rented,single,6
611,49,M,urban,university,3,owned,senior_family,2
612,20,M,urban,primary,1,family,single,0
613,59,F,urban,secondary,3,rented,pre_mature,2
614,71,M,urban,primary,2,rented,mature,1
615,33,M,urban,secondary,2,owned,young_family,1
616,34,F,urban,secondary,7,owned,young_family,6
617,67,F,urban,secondary,2,rented,mature,1
618,38,F,urban,university,3,owned,mid_family,2
619,31,M,urban,university,6,rented,young_family,5
620,22,M,urban,technical,1,owned,single,0
621,65,M,rural,technical,1,owned,mature,0
622,70,F,urban,secondary,3,owned,mature,2
623,22,M,urban,secondary,7,owned,single,6
624,63,M,urban,secondary,6,rented,pre_mature,5
625,27,M,rural,technical,7,owned,young_family,6
626,25,F,urban,primary,7,rented,young_family,6
627,39,F,rural,primary,1,owned,mid_family,0
628,42,M,urban,none,3,rented,mid_family,2
629,66,M,rural,secondary,4,family,mature,3
630,57,M,urban,technical,2,family,pre_mature,1
631,26,M,urban,none,7,rented,young_family,6
632,51,F,urban,secondary,5,rented,senior_family,4
633,67,M,urban,secondary,6,rented,mature,5
634,55,F,rural,technical,2,family,pre_mature,1
635,31,F,rural,none,6,rented,young_family,5
636,25,F,urban,none,1,owned,young_family,0
637,43,F,urban,secondary,1,rented,mid_family,0
638,44,M,urban,secondary,5,owned,mid_family,4
639,38,M,urban,technical,1,rented,mid_family,0
640,24,M,urban,secondary,2,owned,single,1
641,24,F,urban,university,6,owned,single,5
642,48,M,urban,secondary,4,rented,senior_family,3
643,71,M,rural,secondary,3,rented,mature,2
644,52,M,urban,university,3,rented,senior_family,2
645,42,M,rural,primary,5,family,mid_family,4
646,71,F,urban,technical,7,family,mature,6
647,57,F,rural,none,6,rented,pre_mature,5
648,58,F,urban,secondary,3,other,pre_mature,2
649,50,F,urban,primary,3,rented,senior_family,2
650,61,M,urban,secondary,1,owned,pre_mature,0
651,46,M,rural,technical,2,family,senior_family,1
652,53,M,urban,none,2,rented,senior_family,1
653,53,F,rural,primary,3,family,senior_family,2
654,60,F,urban,secondary,7,owned,pre_mature,6
655,69,M,rural,primary,7,owned,mature,6
656,34,F,urban,secondary,1,owned,young_family,0
657,57,M,rural,university,3,rented,pre_mature,2
658,19,M,urban,primary,1,family,single,0
659,48,F,urban,secondary,1,rented,senior_family,0
660,69,F,urban,secondary,3,owned,mature,2
661,54,F,urban,primary,7,rented,senior_family,6
662,33,F,urban,primary,2,owned,young_family,1
663,52,M,urban,technical,5,rented,senior_family,4
664,38,F,urban,secondary,3,rented,mid_family,2
665,42,F,rural,technical,4,owned,mid_family,3
666,31,M,urban,secondary,7,rented,young_family,6
667,53,M,rural,secondary,6,rented,senior_family,5
668,29,F,urban,university,6,owned,young_family,5
669,43,M,urban,university,3,rented,mid_family,2
670,71,M,rural,university,1,rented,mature,0
671,61,F,urban,primary,7,rented,pre_mature,6
672,41,F,urban,university,7,owned,mid_family,6
673,73,F,urban,technical,7,owned,mature,6
674,18,F,urban,technical,4,rented,single,3
675,72,M,urban,technical,2,owned,mature,1
676,38,F,urban,university,2,family,mid_family,1
677,64,M,rural,secondary,3,rented,pre_mature,2
678,72,F,urban,technical,3,rented,mature,2
679,52,M,urban,technical,2,rented,senior_family,1
680,52,F,urban,technical,7,rented,senior_family,6
681,60,F,urban,technical,5,owned,pre_mature,4
682,31,F,urban,primary,2,owned,young_family,1
683,28,M,rural,secondary,5,rented,young_family,4
684,37,M,urban,secondary,5,rented,mid_family,4
685,45,M,urban,technical,4,family,senior_family,3
686,60,M,rural,technical,7,rented,pre_mature,6
687,32,F,urban,technical,7,rented,young_family,6
688,50,M,urban,technical,4,owned,senior_family,3
689,18,F,urban,secondary,4,owned,single,3
690,19,M,urban,primary,2,family,single,1
691,73,M,urban,secondary,6,owned,mature,5
692,66,F,rural,university,7,family,mature,6
693,67,M,urban,secondary,5,owned,mature,4
694,36,M,urban,university,2,rented,mid_family,1
695,47,M,urban,university,4,owned,senior_family,3
696,56,M,rural,secondary,6,rented,pre_mature,5
697,32,F,urban,technical,1,owned,young_family,0
698,60,M,rural,secondary,5,rented,pre_mature,4
699,57,M,urban,secondary,5,family,pre_mature,4
700,41,F,rural,primary,4,rented,mid_family,3
701,42,M,urban,primary,5,owned,mid_family,4
702,35,F,urban,primary,7,rented,mid_family,6
703,63,M,urban,secondary,1,rented,pre_mature,0
704,74,F,rural,primary,4,owned,mature,3
705,74,M,urban,secondary,6,rented,mature,5
706,61,M,urban,secondary,6,family,pre_mature,5
707,37,F,urban,secondary,4,rented,mid_family,3
708,62,F,urban,university,7,rented,pre_mature,6
709,31,F,rural,secondary,3,rented,young_family,2
710,69,F,rural,primary,4,rented,mature,3
711,33,M,urban,university,6,owned,young_family,5
712,40,F,urban,technical,4,rented,mid_family,3
713,23,F,urban,technical,3,rented,single,2
714,22,M,urban,technical,4,owned,single,3
715,40,M,urban,primary,5,owned,mid_family,4
716,49,M,urban,technical,7,family,senior_family,6
717,18,F,urban,primary,5,owned,single,4
718,66,M,urban,secondary,2,owned,mature,1
719,24,M,urban,primary,1,owned,single,0
720,74,F,urban,technical,7,owned,mature,6
721,33,F,rural,primary,3,other,young_family,2
722,39,M,urban,primary,2,rented,mid_family,1
723,27,F,urban,primary,2,rented,young_family,1
724,64,M,urban,technical,1,rented,pre_mature,0
725,59,F,urban,primary,2,rented,pre_mature,1
726,22,M,urban,secondary,6,rented,single,5
727,24,M,urban,secondary,5,other,single,4
728,52,F,urban,technical,5,rented,senior_family,4
729,67,M,urban,primary,1,rented,mature,0
730,24,F,rural,university,5,rented,single,4
731,30,M,urban,secondary,7,family,young_family,6
732,49,F,urban,primary,7,owned,senior_family,6
733,24,F,urban,primary,3,rented,single,2
734,35,F,urban,primary,5,rented,mid_family,4
735,18,F,rural,secondary,3,rented,single,2
736,46,F,urban,primary,7,family,senior_family,6
737,58,M,urban,university,7,rented,pre_mature,6
738,41,M,urban,secondary,2,owned,mid_family,1
739,32,F,urban,primary,4,rented,young_family,3
740,42,F,rural,secondary,2,family,mid_family,1
741,47,F,urban,primary,5,rented,senior_family,4
742,27,F,urban,primary,3,family,young_family,2
743,24,M,rural,secondary,5,family,single,4
744,28,F,rural,primary,7,family,young_family,6
745,74,F,rural,primary,7,owned,mature,6
746,59,F,urban,university,2,rented,pre_mature,1
747,25,F,urban,technical,1,family,young_family,0
748,35,F,urban,university,6,family,mid_family,5
749,41,F,urban,primary,1,owned,mid_family,0
750,28,M,urban,university,3,owned,young_family,2
751,66,F,urban,secondary,7,owned,mature,6
752,71,M,urban,primary,4,rented,mature,3
753,31,M,urban,technical,1,family,young_family,0
754,18,M,urban,primary,7,rented,single,6
755,33,M,urban,secondary,5,owned,young_family,4
756,51,M,urban,technical,3,owned,senior_family,2
757,64,F,urban,secondary,5,family,pre_mature,4
758,37,F,urban,secondary,5,owned,mid_family,4
759,33,F,urban,secondary,4,owned,young_family,3
760,32,M,urban,primary,7,owned,young_family,6
761,18,M,urban,university,6,family,single,5
762,18,F,urban,primary,2,rented,single,1
763,42,F,urban,primary,7,owned,mid_family,6
764,53,F,urban,primary,7,owned,senior_family,6
765,18,F,rural,university,1,other,single,0
766,29,F,urban,technical,3,rented,young_family,2
767,69,F,urban,secondary,5,rented,mature,4
768,74,F,urban,university,7,owned,mature,6
769,54,F,urban,primary,6,owned,senior_family,5
770,47,F,urban,university,5,family,senior_family,4
771,51,M,urban,primary,3,rented,senior_family,2
772,39,M,rural,secondary,1,rented,mid_family,0
773,29,M,urban,primary,7,family,young_family,6
774,39,F,urban,university,4,rented,mid_family,3
775,57,F,rural,university,4,family,pre_mature,3
776,55,M,urban,secondary,7,owned,pre_mature,6
777,56,F,urban,primary,2,owned,pre_mature,1
778,52,M,urban,primary,2,family,senior_family,1
779,21,M,urban,secondary,6,family,single,5
780,53,F,urban,secondary,2,rented,senior_family,1
781,68,M,rural,none,7,rented,mature,6
782,54,M,urban,technical,7,family,senior_family,6
783,51,M,urban,secondary,1,rented,senior_family,0
784,30,M,rural,university,4,owned,young_family,3
785,63,F,urban,secondary,6,rented,pre_mature,5
786,43,F,rural,secondary,4,rented,mid_family,3
787,32,F,urban,secondary,2,rented,young_family,1
788,45,F,urban,primary,1,family,senior_family,0
789,24,M,rural,secondary,1,rented,single,0
790,70,F,urban,technical,2,owned,mature,1
791,58,M,urban,primary,2,owned,pre_mature,1
792,36,M,rural,secondary,3,family,mid_family,2
793,63,F,rural,university,6,owned,pre_mature,5
794,21,M,rural,secondary,4,family,single,3
795,40,M,urban,secondary,1,owned,mid_family,0
796,55,M,urban,technical,1,rented,pre_mature,0
797,19,F,urban,secondary,1,family,single,0
798,58,M,urban,primary,3,rented,pre_mature,2
799,64,M,urban,technical,6,family,pre_mature,5
800,51,F,urban,university,1,owned,senior_family,0
801,29,M,urban,primary,3,rented,young_family,2
802,60,F,urban,primary,4,rented,pre_mature,3
803,37,M,urban,technical,2,family,mid_family,1
804,59,F,urban,secondary,1,owned,pre_mature,0
805,53,F,urban,secondary,2,owned,senior_family,1
806,23,F,rural,secondary,2,rented,single,1
807,23,F,urban,technical,6,other,single,5
808,18,M,urban,secondary,7,family,single,6
809,22,F,urban,primary,5,family,single,4
810,35,F,urban,primary,6,rented,mid_family,5
811,19,F,urban,secondary,6,rented,single,5
812,71,F,rural,university,7,family,mature,6
813,70,F,urban,secondary,1,family,mature,0
814,27,F,urban,secondary,7,family,young_family,6
815,35,M,urban,university,4,family,mid_family,3
816,60,F,urban,secondary,4,family,pre_mature,3
817,55,F,rural,secondary,6,owned,pre_mature,5
818,51,F,rural,primary,4,owned,senior_family,3
819,74,M,urban,technical,2,other,mature,1
820,53,F,rural,technical,1,rented,senior_family,0
821,56,F,urban,technical,2,owned,pre_mature,1
822,46,F,urban,secondary,1,rented,senior_family,0
823,47,M,rural,secondary,3,rented,senior_family,2
824,34,M,urban,primary,6,family,young_family,5
825,47,M,rural,university,3,family,senior_family,2
826,70,M,urban,primary,5,owned,mature,4
827,39,F,urban,secondary,2,rented,mid_family,1
828,25,M,urban,technical,5,owned,young_family,4
829,52,F,rural,primary,7,family,senior_family,6
830,62,M,urban,secondary,3,owned,pre_mature,2
831,72,M,rural,none,4,rented,mature,3
832,48,F,urban,secondary,7,rented,senior_family,6
833,62,M,urban,university,5,rented,pre_mature,4
834,32,M,urban,secondary,3,rented,young_family,2
835,42,M,urban,university,1,rented,mid_family,0
836,41,F,urban,primary,7,rented,mid_family,6
837,36,F,urban,secondary,5,owned,mid_family,4
838,58,M,urban,university,1,rented,pre_mature,0
839,68,F,urban,university,4,rented,mature,3
840,36,M,urban,secondary,7,owned,mid_family,6
841,25,F,rural,technical,7,rented,young_family,6
842,65,M,urban,university,2,owned,mature,1
843,66,F,rural,technical,3,family,mature,2
844,71,F,urban,secondary,7,owned,mature,6
845,32,M,rural,primary,6,rented,young_family,5
846,58,M,urban,primary,4,owned,pre_mature,3
847,58,M,urban,secondary,3,rented,pre_mature,2
848,63,M,urban,secondary,6,owned,pre_mature,5
849,63,M,urban,primary,5,rented,pre_mature,4
850,72,M,urban,primary,4,owned,mature,3
851,45,F,urban,secondary,7,rented,senior_family,6
852,22,M,rural,secondary,3,rented,single,2
853,28,F,urban,secondary,5,other,young_family,4
854,68,M,urban,secondary,1,rented,mature,0
855,66,F,rural,primary,5,rented,mature,4
856,18,M,urban,university,4,family,single,3
857,38,F,urban,secondary,7,owned,mid_family,6
858,31,M,rural,primary,3,rented,young_family,2
859,36,M,rural,secondary,7,rented,mid_family,6
860,54,F,rural,secondary,5,rented,senior_family,4
861,47,F,rural,secondary,2,owned,senior_family,1
862,45,F,urban,secondary,2,rented,senior_family,1
863,42,M,urban,secondary,2,rented,mid_family,1
864,54,M,urban,technical,3,rented,senior_family,2
865,56,F,rural,primary,4,owned,pre_mature,3
866,20,F,rural,secondary,7,rented,single,6
867,25,F,urban,none,7,family,young_family,6
868,37,M,urban,secondary,5,owned,mid_family,4
869,42,M,urban,secondary,4,rented,mid_family,3
870,74,F,urban,technical,5,other,mature,4
871,68,F,rural,primary,3,family,mature,2
872,54,M,urban,secondary,2,owned,senior_family,1
873,20,F,urban,secondary,4,rented,single,3
874,23,F,rural,secondary,6,owned,single,5
875,44,M,urban,technical,1,family,mid_family,0
876,51,M,urban,primary,1,rented,senior_family,0
877,55,F,urban,secondary,2,rented,pre_mature,1
878,26,M,urban,secondary,2,owned,young_family,1
879,68,F,urban,technical,2,rented,mature,1
880,46,F,urban,primary,1,owned,senior_family,0
881,51,M,urban,university,1,rented,senior_family,0
882,20,F,urban,university,3,rented,single,2
883,64,M,urban,technical,6,rented,pre_mature,5
884,48,M,urban,primary,2,family,senior_family,1
885,30,F,rural,technical,3,owned,young_family,2
886,36,F,urban,primary,7,owned,mid_family,6
887,38,M,urban,university,2,rented,mid_family,1
888,19,F,rural,secondary,7,rented,single,6
889,71,F,urban,primary,4,owned,mature,3
890,63,F,urban,secondary,6,rented,pre_mature,5
891,68,F,rural,technical,3,rented,mature,2
892,38,M,urban,university,3,rented,mid_family,2
893,49,M,urban,secondary,3,rented,senior_family,2
894,44,F,urban,secondary,1,owned,mid_family,0
895,45,M,urban,technical,3,owned,senior_family,2
896,51,F,urban,technical,7,rented,senior_family,6
897,43,M,urban,technical,1,rented,mid_family,0
898,62,M,urban,secondary,5,rented,pre_mature,4
899,21,M,rural,secondary,5,family,single,4
900,28,M,urban,university,1,owned,young_family,0
901,68,M,urban,primary,1,rented,mature,0
902,68,F,urban,secondary,4,rented,mature,3
903,64,F,rural,primary,2,owned,pre_mature,1
904,39,M,urban,secondary,7,other,mid_family,6
905,44,M,urban,technical,2,other,mid_family,1
906,19,F,urban,primary,1,owned,single,0
907,33,M,urban,secondary,3,family,young_family,2
908,59,M,urban,none,3,owned,pre_mature,2
909,37,F,rural,university,2,other,mid_family,1
910,45,F,urban,technical,5,family,senior_family,4
911,25,F,urban,secondary,3,owned,young_family,2
912,46,F,urban,technical,4,rented,senior_family,3
913,59,F,urban,primary,2,rented,pre_mature,1
914,50,F,urban,technical,1,owned,senior_family,0
915,49,M,rural,technical,1,rented,senior_family,0
916,70,M,urban,primary,1,rented,mature,0
917,31,M,urban,university,7,owned,young_family,6
918,35,M,urban,none,2,owned,mid_family,1
919,53,F,urban,secondary,3,owned,senior_family,2
920,45,M,urban,primary,5,rented,senior_family,4
921,73,M,urban,technical,1,rented,mature,0
922,21,M,urban,primary,5,rented,single,4
923,24,F,rural,primary,4,owned,single,3
924,37,F,rural,secondary,6,owned,mid_family,5
925,44,F,rural,university,1,rented,mid_family,0
926,68,M,rural,primary,1,owned,mature,0
927,46,M,urban,secondary,6,rented,senior_family,5
928,42,F,urban,secondary,3,rented,mid_family,2
929,27,F,urban,technical,1,rented,young_family,0
930,42,F,rural,primary,4,rented,mid_family,3
931,48,F,urban,secondary,4,family,senior_family,3
932,51,M,urban,university,7,owned,senior_family,6
933,52,F,urban,secondary,7,family,senior_family,6
934,42,F,urban,secondary,4,owned,mid_family,3
935,26,F,urban,university,2,owned,young_family,1
936,26,F,urban,secondary,6,rented,young_family,5
937,26,M,urban,secondary,2,owned,young_family,1
938,53,M,rural,secondary,6,rented,senior_family,5
939,66,F,urban,technical,5,family,mature,4
940,68,M,urban,university,3,rented,mature,2
941,35,M,urban,secondary,7,rented,mid_family,6
942,22,M,urban,secondary,4,other,single,3
943,53,F,urban,secondary,3,rented,senior_family,2
944,20,M,urban,none,2,owned,single,1
945,53,M,urban,primary,5,family,senior_family,4
946,39,F,urban,primary,2,owned,mid_family,1
947,65,F,urban,primary,2,owned,mature,1
948,53,F,rural,technical,1,owned,senior_family,0
949,60,F,urban,primary,5,owned,pre_mature,4
950,41,M,urban,primary,7,owned,mid_family,6
951,65,F,urban,secondary,2,owned,mature,1
952,47,F,urban,primary,2,rented,senior_family,1
953,53,M,rural,primary,5,rented,senior_family,4
954,38,F,urban,primary,2,family,mid_family,1
955,43,M,urban,primary,1,owned,mid_family,0
956,65,M,urban,secondary,5,owned,mature,4
957,40,M,rural,technical,4,rented,mid_family,3
958,19,M,urban,university,1,owned,single,0
959,39,F,rural,technical,2,rented,mid_family,1
960,40,M,urban,secondary,2,rented,mid_family,1
961,41,F,urban,university,5,rented,mid_family,4
962,22,M,urban,secondary,5,owned,single,4
963,25,M,urban,secondary,6,rented,young_family,5
964,36,M,urban,secondary,1,rented,mid_family,0
965,42,M,urban,secondary,6,family,mid_family,5
966,19,F,urban,secondary,2,owned,single,1
967,40,F,urban,primary,7,rented,mid_family,6
968,36,M,urban,technical,7,rented,mid_family,6
969,19,F,urban,primary,4,owned,single,3
970,32,F,urban,technical,6,rented,young_family,5
971,33,F,urban,university,5,rented,young_family,4
972,26,M,urban,secondary,6,owned,young_family,5
973,60,M,urban,primary,1,rented,pre_mature,0
974,22,F,urban,secondary,1,rented,single,0
975,50,F,urban,secondary,7,rented,senior_family,6
976,55,M,urban,university,6,owned,pre_mature,5
977,63,F,urban,technical,5,rented,pre_mature,4
978,49,M,rural,technical,3,owned,senior_family,2
979,48,F,urban,secondary,3,rented,senior_family,2
980,61,M,urban,technical,3,rented,pre_mature,2
981,66,F,urban,technical,4,rented,mature,3
982,30,M,urban,primary,5,rented,young_family,4
983,63,M,urban,primary,6,owned,pre_mature,5
984,44,F,urban,none,3,owned,mid_family,2
985,23,M,urban,secondary,6,rented,single,5
986,52,F,urban,university,1,owned,senior_family,0
987,73,F,urban,secondary,6,rented,mature,5
988,26,M,urban,secondary,5,rented,young_family,4
989,18,M,rural,university,4,family,single,3
990,70,F,urban,primary,3,owned,mature,2
991,52,F,urban,primary,3,rented,senior_family,2
992,30,F,rural,university,3,owned,young_family,2
993,63,M,urban,university,7,family,pre_mature,6
994,40,F,rural,technical,1,rented,mid_family,0
995,36,F,urban,primary,5,rented,mid_family,4
996,34,F,urban,university,7,rented,young_family,6
997,52,M,urban,technical,4,owned,senior_family,3
998,25,M,urban,technical,5,rented,young_family,4
999,38,F,urban,primary,5,family,mid_family,4
1000,35,F,urban,secondary,4,owned,mid_family,3
1001,21,M,urban,technical,5,other,single,4
1002,61,F,urban,university,7,family,pre_mature,6
1003,18,M,rural,secondary,5,other,single,4
1004,72,M,urban,secondary,6,family,mature,5
1005,23,M,urban,technical,4,owned,single,3
1006,38,M,urban,secondary,6,rented,mid_family,5
1007,23,M,rural,secondary,7,owned,single,6
1008,38,M,rural,primary,2,rented,mid_family,1
1009,52,M,rural,primary,7,owned,senior_family,6
1010,22,F,rural,technical,5,family,single,4
1011,47,F,urban,none,4,owned,senior_family,3
1012,61,F,urban,primary,6,owned,pre_mature,5
1013,43,M,urban,university,2,owned,mid_family,1
1014,24,F,rural,technical,5,rented,single,4
1015,57,M,urban,none,5,owned,pre_mature,4
1016,28,F,urban,secondary,7,owned,young_family,6
1017,18,F,rural,technical,5,owned,single,4
1018,42,M,rural,secondary,4,owned,mid_family,3
1019,33,M,rural,secondary,4,family,young_family,3
1020,19,F,urban,secondary,4,rented,single,3
1021,62,F,urban,primary,7,owned,pre_mature,6
1022,52,F,urban,technical,6,owned,senior_family,5
1023,69,F,urban,primary,1,owned,mature,0
1024,45,F,urban,secondary,4,rented,senior_family,3
1025,42,M,urban,primary,3,owned,mid_family,2
1026,66,F,rural,none,2,owned,mature,1
1027,22,M,urban,primary,7,owned,single,6
1028,38,M,urban,university,7,owned,mid_family,6
1029,63,M,rural,primary,7,rented,pre_mature,6
1030,34,F,urban,primary,3,owned,young_family,2
1031,68,F,urban,primary,3,rented,mature,2
1032,34,M,urban,technical,6,rented,young_family,5
1033,41,M,urban,secondary,2,family,mid_family,1
1034,69,M,urban,university,1,owned,mature,0
1035,31,F,urban,technical,3,rented,young_family,2
1036,73,F,urban,secondary,5,family,mature,4
1037,20,M,rural,technical,4,other,single,3
1038,33,M,urban,none,2,family,young_family,1
1039,51,F,rural,university,4,owned,senior_family,3
1040,51,M,urban,university,7,family,senior_family,6
1041,69,M,rural,primary,2,family,mature,1
1042,72,M,urban,secondary,3,owned,mature,2
1043,56,M,urban,primary,3,owned,pre_mature,2
1044,55,M,rural,secondary,3,family,pre_mature,2
1045,36,F,rural,technical,5,owned,mid_family,4
1046,63,M,urban,university,3,rented,pre_mature,2
1047,54,M,urban,secondary,5,rented,senior_family,4
1048,19,F,urban,technical,1,rented,single,0
1049,65,F,rural,technical,5,owned,mature,4
1050,38,M,rural,primary,1,rented,mid_family,0
1051,45,M,urban,secondary,3,rented,senior_family,2
1052,45,F,urban,technical,7,family,senior_family,6
1053,64,M,urban,technical,3,owned,pre_mature,2
1054,33,F,urban,university,5,owned,young_family,4
1055,40,M,urban,none,3,owned,mid_family,2
1056,20,M,urban,primary,7,owned,single,6
1057,37,M,rural,primary,7,other,mid_family,6
1058,23,F,urban,primary,7,owned,single,6
1059,51,M,urban,secondary,3,owned,senior_family,2
1060,68,M,urban,university,3,family,mature,2
1061,44,M,urban,secondary,5,owned,mid_family,4
1062,69,F,rural,technical,6,owned,mature,5
1063,73,M,urban,secondary,4,rented,mature,3
1064,21,F,urban,secondary,6,rented,single,5
1065,47,F,urban,technical,7,family,senior_family,6
1066,48,M,urban,technical,6,rented,senior_family,5
1067,39,F,urban,secondary,3,owned,mid_family,2
1068,65,F,urban,university,2,rented,mature,1
1069,40,M,urban,secondary,4,family,mid_family,3
1070,21,M,urban,primary,5,rented,single,4
1071,49,M,rural,secondary,6,rented,senior_family,5
1072,29,M,urban,technical,3,rented,young_family,2
1073,38,F,rural,secondary,2,rented,mid_family,1
1074,46,F,urban,technical,3,rented,senior_family,2
1075,59,F,urban,secondary,5,owned,pre_mature,4
1076,33,M,rural,secondary,2,rented,young_family,1
1077,39,M,urban,university,3,owned,mid_family,2
1078,21,M,rural,secondary,2,rented,single,1
1079,39,F,urban,secondary,7,rented,mid_family,6
1080,51,M,urban,primary,4,owned,senior_family,3
1081,53,F,urban,secondary,6,owned,senior_family,5
1082,34,F,urban,secondary,4,family,young_family,3
1083,21,M,urban,primary,1,owned,single,0
1084,50,F,urban,secondary,2,owned,senior_family,1
1085,55,F,urban,primary,6,owned,pre_mature,5
1086,22,F,urban,primary,4,rented,single,3
1087,46,M,rural,secondary,5,owned,senior_family,4
1088,23,M,urban,primary,6,family,single,5
1089,43,F,rural,secondary,4,rented,mid_family,3
1090,54,M,urban,technical,5,owned,senior_family,4
1091,58,F,urban,secondary,2,rented,pre_mature,1
1092,58,M,urban,primary,2,owned,pre_mature,1
1093,61,F,rural,secondary,2,owned,pre_mature,1
1094,31,F,urban,primary,3,rented,young_family,2
1095,66,M,rural,secondary,5,owned,mature,4
1096,37,M,urban,technical,7,family,mid_family,6
1097,39,F,urban,secondary,4,rented,mid_family,3
1098,62,M,rural,secondary,5,owned,pre_mature,4
1099,36,F,rural,university,7,other,mid_family,6
1100,22,F,urban,primary,5,rented,single,4
1101,58,M,rural,university,2,owned,pre_mature,1
1102,55,F,urban,technical,2,rented,pre_mature,1
1103,51,M,rural,secondary,5,other,senior_family,4
1104,26,F,urban,primary,3,rented,young_family,2
1105,54,M,urban,primary,2,rented,senior_family,1
1106,29,M,urban,university,5,rented,young_family,4
1107,49,M,rural,primary,5,owned,senior_family,4
1108,46,F,urban,university,2,owned,senior_family,1
1109,62,F,urban,secondary,1,rented,pre_mature,0
1110,73,F,urban,secondary,6,family,mature,5
1111,28,M,urban,secondary,3,rented,young_family,2
1112,24,F,urban,primary,5,owned,single,4
1113,49,F,urban,secondary,2,rented,senior_family,1
1114,72,F,urban,university,3,owned,mature,2
1115,27,M,urban,primary,5,owned,young_family,4
1116,45,F,urban,university,1,rented,senior_family,0
1117,41,M,urban,university,3,owned,mid_family,2
1118,36,M,rural,primary,6,family,mid_family,5
1119,55,F,urban,secondary,6,rented,pre_mature,5
1120,34,M,urban,primary,3,rented,young_family,2
1121,46,M,urban,secondary,1,family,senior_family,0
1122,66,F,urban,university,1,rented,mature,0
1123,39,F,urban,university,4,family,mid_family,3
1124,19,M,rural,university,5,family,single,4
1125,68,F,urban,primary,5,rented,mature,4
1126,33,M,urban,secondary,3,owned,young_family,2
1127,62,M,rural,primary,1,owned,pre_mature,0
1128,61,M,urban,university,2,family,pre_mature,1
1129,47,F,urban,primary,1,owned,senior_family,0
1130,23,M,urban,primary,4,family,single,3
1131,72,M,urban,none,3,owned,mature,2
1132,56,F,urban,primary,1,rented,pre_mature,0
1133,42,F,rural,primary,5,owned,mid_family,4
1134,66,F,urban,primary,3,other,mature,2
1135,62,F,urban,university,7,owned,pre_mature,6
1136,61,M,urban,technical,3,rented,pre_mature,2
1137,27,M,urban,primary,1,family,young_family,0
1138,54,M,urban,technical,5,owned,senior_family,4
1139,34,F,urban,secondary,5,owned,young_family,4
1140,22,M,urban,technical,7,family,single,6
1141,37,M,rural,secondary,5,family,mid_family,4
1142,23,M,rural,secondary,3,owned,single,2
1143,24,M,urban,secondary,5,rented,single,4
1144,59,F,urban,primary,6,owned,pre_mature,5
1145,46,F,urban,secondary,4,owned,senior_family,3
1146,40,M,urban,technical,6,rented,mid_family,5
1147,28,F,urban,technical,7,owned,young_family,6
1148,61,F,urban,secondary,6,rented,pre_mature,5
1149,54,M,rural,secondary,4,owned,senior_family,3
1150,51,M,urban,technical,4,family,senior_family,3
1151,28,F,urban,primary,6,rented,young_family,5
1152,25,M,urban,primary,7,owned,young_family,6
1153,25,F,urban,secondary,2,family,young_family,1
1154,19,F,urban,primary,1,family,single,0
1155,73,F,urban,secondary,6,owned,mature,5
1156,38,F,rural,primary,2,other,mid_family,1
1157,55,F,rural,secondary,7,owned,pre_mature,6
1158,73,M,rural,technical,1,owned,mature,0
1159,71,M,urban,technical,7,rented,mature,6
1160,36,F,urban,technical,5,owned,mid_family,4
1161,45,F,urban,secondary,3,rented,senior_family,2
1162,44,F,urban,university,1,rented,mid_family,0
1163,19,F,urban,technical,6,family,single,5
1164,61,M,rural,secondary,1,owned,pre_mature,0
1165,50,F,urban,primary,1,owned,senior_family,0
1166,39,F,urban,secondary,6,rented,mid_family,5
1167,49,F,urban,secondary,5,owned,senior_family,4
1168,59,F,urban,technical,1,family,pre_mature,0
1169,18,M,urban,technical,3,rented,single,2
1170,54,F,urban,university,5,rented,senior_family,4
1171,67,M,urban,university,5,rented,mature,4
1172,59,M,urban,secondary,3,owned,pre_mature,2
1173,53,F,rural,university,3,owned,senior_family,2
1174,23,F,urban,university,1,rented,single,0
1175,60,F,urban,none,1,family,pre_mature,0
1176,60,M,urban,secondary,7,owned,pre_mature,6
1177,46,M,urban,primary,2,owned,senior_family,1
1178,51,M,urban,primary,7,rented,senior_family,6
1179,53,F,urban,primary,1,owned,senior_family,0
1180,24,F,urban,secondary,7,rented,single,6
1181,32,F,urban,none,3,owned,young_family,2
1182,63,M,urban,primary,6,rented,pre_mature,5
1183,73,F,urban,none,6,rented,mature,5
1184,33,F,urban,technical,3,family,young_family,2
1185,40,M,rural,university,6,rented,mid_family,5
1186,70,F,urban,university,3,owned,mature,2
1187,27,F,urban,secondary,6,rented,young_family,5
1188,32,M,urban,primary,7,rented,young_family,6
1189,21,M,urban,university,6,rented,single,5
1190,31,F,urban,primary,6,family,young_family,5
1191,54,F,urban,university,3,family,senior_family,2
1192,37,F,urban,technical,1,owned,mid_family,0
1193,74,F,rural,secondary,4,rented,mature,3
1194,68,M,urban,primary,1,owned,mature,0
1195,69,F,rural,none,4,rented,mature,3
1196,59,F,rural,secondary,7,other,pre_mature,6
1197,58,M,urban,secondary,1,rented,pre_mature,0
1198,47,F,urban,technical,7,owned,senior_family,6
1199,74,M,urban,secondary,5,family,mature,4
1200,23,M,rural,secondary,1,rented,single,0
1201,59,M,urban,primary,6,owned,pre_mature,5
1202,25,F,urban,secondary,1,family,young_family,0
1203,37,M,urban,primary,5,owned,mid_family,4
1204,32,M,rural,technical,4,rented,young_family,3
1205,52,F,urban,secondary,6,rented,senior_family,5
1206,62,M,urban,technical,3,family,pre_mature,2
1207,22,F,urban,secondary,1,owned,single,0
1208,52,F,urban,primary,3,owned,senior_family,2
1209,30,M,rural,technical,6,rented,young_family,5
1210,22,M,rural,technical,7,family,single,6
1211,41,F,urban,technical,2,owned,mid_family,1
1212,51,M,urban,secondary,3,owned,senior_family,2
1213,29,M,rural,university,7,family,young_family,6
1214,40,F,urban,primary,3,rented,mid_family,2
1215,72,F,urban,secondary,2,owned,mature,1
1216,37,F,urban,technical,6,rented,mid_family,5
1217,74,F,urban,primary,4,rented,mature,3
1218,65,F,rural,technical,5,rented,mature,4
1219,39,F,urban,secondary,4,rented,mid_family,3
1220,50,F,urban,primary,5,rented,senior_family,4
1221,58,F,urban,primary,2,owned,pre_mature,1
1222,44,F,urban,technical,6,family,mid_family,5
1223,41,M,rural,technical,3,owned,mid_family,2
1224,36,M,urban,primary,4,family,mid_family,3
1225,25,M,urban,primary,2,owned,young_family,1
1226,19,F,urban,primary,1,owned,single,0
1227,37,M,urban,primary,4,owned,mid_family,3
1228,63,M,urban,technical,1,owned,pre_mature,0
1229,31,F,urban,primary,7,rented,young_family,6
1230,28,M,rural,primary,7,rented,young_family,6
1231,36,M,rural,none,3,family,mid_family,2
1232,52,M,urban,secondary,3,rented,senior_family,2
1233,30,M,urban,technical,4,rented,young_family,3
1234,30,F,urban,technical,2,owned,young_family,1
1235,24,M,urban,secondary,7,family,single,6
1236,36,M,urban,university,1,owned,mid_family,0
1237,30,F,rural,secondary,4,owned,young_family,3
1238,65,M,rural,university,2,owned,mature,1
1239,69,M,urban,secondary,6,owned,mature,5
1240,39,F,rural,primary,2,rented,mid_family,1
1241,22,F,urban,technical,4,owned,single,3
1242,22,F,urban,secondary,6,owned,single,5
1243,36,F,urban,technical,4,family,mid_family,3
1244,44,F,urban,primary,2,owned,mid_family,1
1245,48,M,urban,secondary,2,rented,senior_family,1
1246,35,F,rural,university,5,rented,mid_family,4
1247,38,F,urban,primary,1,family,mid_family,0
1248,34,M,urban,none,3,rented,young_family,2
1249,47,F,urban,primary,5,owned,senior_family,4
1250,57,M,rural,secondary,3,family,pre_mature,2
1251,20,F,urban,technical,6,rented,single,5
1252,45,F,rural,secondary,5,owned,senior_family,4
1253,54,F,rural,university,1,rented,senior_family,0
1254,56,M,urban,secondary,6,rented,pre_mature,5
1255,50,F,urban,secondary,7,owned,senior_family,6
1256,47,F,urban,primary,2,rented,senior_family,1
1257,56,M,rural,primary,3,owned,pre_mature,2
1258,39,M,urban,technical,3,rented,mid_family,2
1259,50,F,urban,primary,3,other,senior_family,2
1260,36,M,urban,primary,4,rented,mid_family,3
1261,42,F,urban,university,7,other,mid_family,6
1262,25,F,rural,secondary,5,owned,young_family,4
1263,37,M,rural,none,7,rented,mid_family,6
1264,26,F,urban,technical,3,family,young_family,2
1265,30,M,urban,secondary,4,rented,young_family,3
1266,41,F,urban,university,1,owned,mid_family,0
1267,46,F,rural,technical,2,owned,senior_family,1
1268,71,M,urban,none,5,owned,mature,4
1269,19,F,rural,primary,2,rented,single,1
1270,69,M,urban,primary,7,other,mature,6
1271,36,F,urban,technical,2,rented,mid_family,1
1272,59,M,rural,secondary,2,owned,pre_mature,1
1273,56,F,urban,technical,6,owned,pre_mature,5
1274,73,F,urban,secondary,1,rented,mature,0
1275,24,M,urban,secondary,3,rented,single,2
1276,73,F,urban,primary,2,owned,mature,1
1277,21,M,rural,primary,5,rented,single,4
1278,68,F,rural,secondary,6,owned,mature,5
1279,55,M,urban,secondary,2,rented,pre_mature,1
1280,45,F,urban,university,3,rented,senior_family,2
1281,40,M,urban,primary,4,owned,mid_family,3
1282,23,M,rural,technical,5,rented,single,4
1283,63,F,urban,primary,3,rented,pre_mature,2
1284,59,F,rural,technical,4,rented,pre_mature,3
1285,71,F,urban,none,4,rented,mature,3
1286,59,F,urban,technical,1,rented,pre_mature,0
1287,72,M,urban,primary,4,owned,mature,3
1288,68,F,urban,primary,4,other,mature,3
1289,42,M,urban,secondary,7,family,mid_family,6
1290,58,M,urban,secondary,4,owned,pre_mature,3
1291,33,F,urban,secondary,7,family,young_family,6
1292,63,F,urban,secondary,3,rented,pre_mature,2
1293,52,M,urban,university,5,owned,senior_family,4
1294,43,M,urban,primary,7,rented,mid_family,6
1295,53,F,rural,secondary,2,owned,senior_family,1
1296,33,M,urban,university,4,rented,young_family,3
1297,53,M,rural,technical,7,family,senior_family,6
1298,45,M,rural,secondary,4,rented,senior_family,3
1299,36,M,urban,secondary,7,rented,mid_family,6
1300,73,M,urban,primary,3,owned,mature,2
1301,21,F,rural,secondary,7,rented,single,6
1302,61,M,urban,secondary,5,family,pre_mature,4
1303,29,M,rural,technical,4,owned,young_family,3
1304,30,F,urban,technical,2,rented,young_family,1
1305,26,F,urban,primary,2,rented,young_family,1
1306,23,F,urban,primary,3,rented,single,2
1307,25,F,urban,secondary,6,rented,young_family,5
1308,65,F,rural,secondary,4,rented,mature,3
1309,70,F,urban,secondary,3,rented,mature,2
1310,51,F,rural,secondary,4,rented,senior_family,3
1311,18,F,urban,secondary,3,rented,single,2
1312,67,F,rural,university,6,rented,mature,5
1313,52,M,rural,secondary,3,rented,senior_family,2
1314,47,F,urban,primary,4,family,senior_family,3
1315,72,F,urban,secondary,4,owned,mature,3
1316,41,M,rural,secondary,5,owned,mid_family,4
1317,38,F,rural,primary,3,other,mid_family,2
1318,62,M,urban,primary,1,owned,pre_mature,0
1319,48,M,urban,secondary,5,family,senior_family,4
1320,58,F,rural,technical,4,rented,pre_mature,3
1321,57,M,urban,university,5,family,pre_mature,4
1322,65,M,urban,secondary,4,rented,mature,3
1323,36,M,urban,primary,4,family,mid_family,3
1324,22,F,urban,secondary,7,rented,single,6
1325,45,M,rural,secondary,1,rented,senior_family,0
1326,54,F,urban,university,1,rented,senior_family,0
1327,64,F,rural,secondary,7,owned,pre_mature,6
1328,33,F,urban,technical,7,owned,young_family,6
1329,60,F,urban,university,3,other,pre_mature,2
1330,65,F,urban,secondary,4,owned,mature,3
1331,64,M,urban,primary,4,rented,pre_mature,3
1332,64,F,rural,secondary,7,rented,pre_mature,6
1333,74,F,urban,secondary,4,owned,mature,3
1334,55,M,rural,secondary,6,other,pre_mature,5
1335,39,M,urban,university,3,owned,mid_family,2
1336,42,F,urban,primary,3,rented,mid_family,2
1337,60,M,urban,secondary,5,rented,pre_mature,4
1338,31,F,rural,primary,3,owned,young_family,2
1339,52,M,urban,primary,1,owned,senior_family,0
1340,50,F,urban,secondary,2,rented,senior_family,1
1341,55,M,urban,technical,7,owned,pre_mature,6
1342,42,F,urban,secondary,3,family,mid_family,2
1343,60,M,urban,secondary,1,rented,pre_mature,0
1344,22,M,urban,primary,7,owned,single,6
1345,60,M,rural,secondary,7,owned,pre_mature,6
1346,64,M,urban,secondary,4,owned,pre_mature,3
1347,68,F,urban,technical,5,rented,mature,4
1348,70,F,urban,secondary,6,rented,mature,5
1349,37,M,rural,university,1,owned,mid_family,0
1350,20,F,urban,technical,3,rented,single,2
1351,55,M,urban,secondary,4,rented,pre_mature,3
1352,23,M,rural,secondary,4,rented,single,3
1353,33,F,urban,technical,3,owned,young_family,2
1354,58,F,urban,university,1,owned,pre_mature,0
1355,51,F,urban,secondary,7,owned,senior_family,6
1356,52,M,urban,secondary,5,rented,senior_family,4
1357,60,M,rural,secondary,6,rented,pre_mature,5
1358,27,F,urban,technical,4,owned,young_family,3
1359,63,M,rural,university,4,owned,pre_mature,3
1360,51,M,rural,university,4,rented,senior_family,3
1361,41,F,rural,primary,4,owned,mid_family,3
1362,44,F,urban,primary,5,rented,mid_family,4
1363,46,M,urban,technical,7,rented,senior_family,6
1364,49,M,urban,secondary,6,owned,senior_family,5
1365,37,F,rural,university,5,rented,mid_family,4
1366,30,M,rural,secondary,1,owned,young_family,0
1367,27,M,rural,technical,4,rented,young_family,3
1368,37,M,urban,technical,7,owned,mid_family,6
1369,32,F,urban,primary,3,rented,young_family,2
1370,47,F,rural,primary,4,rented,senior_family,3
1371,69,M,urban,technical,3,owned,mature,2
1372,24,M,urban,primary,2,rented,single,1
1373,35,F,urban,technical,5,rented,mid_family,4
1374,20,F,urban,secondary,3,other,single,2
1375,73,F,urban,secondary,5,owned,mature,4
1376,57,M,rural,primary,5,owned,pre_mature,4
1377,31,F,rural,university,6,owned,young_family,5
1378,41,F,urban,technical,7,family,mid_family,6
1379,59,F,urban,technical,4,rented,pre_mature,3
1380,72,M,rural,technical,1,owned,mature,0
1381,50,F,urban,secondary,5,rented,senior_family,4
1382,33,M,urban,university,7,owned,young_family,6
1383,57,M,urban,secondary,4,rented,pre_mature,3
1384,57,M,urban,secondary,4,rented,pre_mature,3
1385,54,F,urban,primary,6,rented,senior_family,5
1386,20,M,rural,primary,4,rented,single,3
1387,58,F,urban,technical,3,owned,pre_mature,2
1388,19,M,urban,secondary,4,rented,single,3
1389,69,M,urban,technical,6,rented,mature,5
1390,68,M,rural,university,4,owned,mature,3
1391,50,F,urban,secondary,3,family,senior_family,2
1392,54,M,urban,primary,5,rented,senior_family,4
1393,21,M,urban,technical,5,family,single,4
1394,67,M,rural,none,7,rented,mature,6
1395,33,M,rural,technical,7,owned,young_family,6
1396,32,F,urban,secondary,6,rented,young_family,5
1397,58,M,urban,secondary,6,rented,pre_mature,5
1398,71,M,urban,secondary,4,owned,mature,3
1399,46,F,rural,secondary,3,rented,senior_family,2
1400,46,M,rural,secondary,4,owned,senior_family,3
1401,49,M,rural,primary,5,owned,senior_family,4
1402,34,M,urban,secondary,4,family,young_family,3
1403,52,M,urban,university,2,owned,senior_family,1
1404,72,F,urban,primary,1,rented,mature,0
1405,39,M,rural,secondary,1,rented,mid_family,0
1406,62,M,urban,primary,3,rented,pre_mature,2
1407,62,F,urban,secondary,6,owned,pre_mature,5
1408,66,M,urban,primary,6,rented,mature,5
1409,59,F,urban,technical,6,rented,pre_mature,5
1410,70,F,rural,primary,5,family,mature,4
1411,58,M,urban,technical,1,owned,pre_mature,0
1412,73,M,urban,primary,7,owned,mature,6
1413,58,M,urban,secondary,7,rented,pre_mature,6
1414,65,M,urban,primary,6,owned,mature,5
1415,68,M,rural,technical,4,rented,mature,3
1416,74,F,urban,university,2,rented,mature,1
1417,51,M,urban,primary,7,rented,senior_family,6
1418,58,M,urban,university,2,other,pre_mature,1
1419,73,M,urban,secondary,6,rented,mature,5
1420,39,F,rural,secondary,7,family,mid_family,6
1421,24,F,rural,technical,7,rented,single,6
1422,68,M,urban,primary,4,owned,mature,3
1423,54,F,urban,secondary,6,rented,senior_family,5
1424,42,M,urban,primary,6,rented,mid_family,5
1425,58,F,urban,technical,7,other,pre_mature,6
1426,19,F,urban,secondary,3,owned,single,2
1427,45,F,urban,university,5,owned,senior_family,4
1428,33,M,urban,primary,6,family,young_family,5
1429,34,M,rural,university,2,owned,young_family,1
1430,73,F,urban,primary,2,rented,mature,1
1431,49,M,rural,secondary,3,rented,senior_family,2
1432,26,M,rural,secondary,3,owned,young_family,2
1433,38,F,urban,primary,6,owned,mid_family,5
1434,31,F,urban,primary,7,family,young_family,6
1435,69,F,rural,technical,2,owned,mature,1
1436,34,F,urban,primary,3,rented,young_family,2
1437,38,F,urban,secondary,7,rented,mid_family,6
1438,37,M,urban,university,5,rented,mid_family,4
1439,28,F,rural,secondary,2,rented,young_family,1
1440,62,F,rural,none,5,owned,pre_mature,4
1441,50,F,rural,primary,7,family,senior_family,6
1442,42,M,urban,primary,3,owned,mid_family,2
1443,40,M,urban,secondary,4,owned,mid_family,3
1444,56,F,rural,technical,5,family,pre_mature,4
1445,23,M,rural,primary,6,owned,single,5
1446,71,M,urban,primary,4,owned,mature,3
1447,50,F,rural,secondary,7,other,senior_family,6
1448,30,M,rural,secondary,6,owned,young_family,5
1449,48,M,urban,secondary,3,owned,senior_family,2
1450,66,M,urban,university,4,rented,mature,3
1451,27,M,urban,primary,5,rented,young_family,4
1452,47,F,rural,secondary,1,family,senior_family,0
1453,52,M,urban,technical,2,rented,senior_family,1
1454,64,M,urban,technical,2,other,pre_mature,1
1455,50,M,urban,technical,6,owned,senior_family,5
1456,59,M,rural,technical,6,rented,pre_mature,5
1457,62,M,rural,secondary,6,owned,pre_mature,5
1458,68,M,rural,secondary,1,family,mature,0
1459,38,F,urban,technical,3,family,mid_family,2
1460,58,M,urban,technical,3,owned,pre_mature,2
1461,32,M,urban,technical,1,family,young_family,0
1462,66,M,urban,secondary,2,rented,mature,1
1463,72,M,urban,technical,4,owned,mature,3
1464,34,M,rural,primary,7,rented,young_family,6
1465,49,M,urban,primary,2,other,senior_family,1
1466,64,M,urban,secondary,7,owned,pre_mature,6
1467,19,M,urban,primary,6,owned,single,5
1468,58,F,rural,technical,2,other,pre_mature,1
1469,64,M,urban,primary,2,rented,pre_mature,1
1470,67,F,urban,technical,4,rented,mature,3
1471,29,F,urban,secondary,7,rented,young_family,6
1472,61,M,urban,primary,6,rented,pre_mature,5
1473,62,M,urban,primary,7,owned,pre_mature,6
1474,18,M,urban,secondary,3,owned,single,2
1475,58,M,rural,technical,7,family,pre_mature,6
1476,53,F,urban,secondary,7,rented,senior_family,6
1477,73,M,urban,primary,5,rented,mature,4
1478,20,F,urban,primary,2,family,single,1
1479,73,M,urban,primary,2,owned,mature,1
1480,50,F,urban,none,1,family,senior_family,0
1481,33,F,urban,university,6,rented,young_family,5
1482,40,M,rural,primary,3,family,mid_family,2
1483,61,F,rural,primary,5,owned,pre_mature,4
1484,74,F,urban,university,2,owned,mature,1
1485,36,M,urban,technical,7,rented,mid_family,6
1486,74,M,rural,secondary,6,family,mature,5
1487,53,M,rural,secondary,3,other,senior_family,2
1488,28,M,urban,university,4,rented,young_family,3
1489,52,F,urban,primary,1,rented,senior_family,0
1490,63,M,urban,primary,1,owned,pre_mature,0
1491,21,M,rural,university,7,rented,single,6
1492,22,F,urban,technical,6,family,single,5
1493,18,M,urban,university,6,rented,single,5
1494,50,F,urban,secondary,5,owned,senior_family,4
1495,21,M,urban,university,2,other,single,1
1496,71,F,urban,secondary,1,owned,mature,0
1497,25,F,urban,technical,6,rented,young_family,5
1498,22,M,rural,university,3,rented,single,2
1499,32,F,rural,primary,1,rented,young_family,0
1500,61,M,urban,primary,1,rented,pre_mature,0
1501,69,F,rural,secondary,4,rented,mature,3
1502,32,F,rural,technical,6,owned,young_family,5
1503,47,M,urban,primary,3,owned,senior_family,2
1504,62,F,urban,university,7,rented,pre_mature,6
1505,63,F,rural,secondary,3,rented,pre_mature,2
1506,26,F,urban,secondary,6,rented,young_family,5
1507,65,F,urban,secondary,2,rented,mature,1
1508,67,F,urban,university,5,owned,mature,4
1509,59,M,urban,primary,2,rented,pre_mature,1
1510,48,F,urban,secondary,6,rented,senior_family,5
1511,40,F,urban,primary,4,rented,mid_family,3
1512,68,M,urban,university,1,rented,mature,0
1513,67,M,urban,technical,2,owned,mature,1
1514,47,M,rural,primary,3,owned,senior_family,2
1515,60,M,urban,primary,4,owned,pre_mature,3
1516,40,M,rural,secondary,2,rented,mid_family,1
1517,60,M,rural,secondary,5,owned,pre_mature,4
1518,23,F,urban,technical,7,owned,single,6
1519,69,M,urban,secondary,5,other,mature,4
1520,47,M,urban,secondary,3,rented,senior_family,2
1521,52,F,rural,technical,5,rented,senior_family,4
1522,28,M,urban,secondary,7,rented,young_family,6
1523,48,M,urban,primary,2,owned,senior_family,1
1524,18,F,urban,primary,2,owned,single,1
1525,68,F,urban,secondary,1,family,mature,0
1526,60,F,rural,secondary,6,rented,pre_mature,5
1527,43,M,rural,primary,6,rented,mid_family,5
1528,65,M,urban,secondary,3,other,mature,2
1529,64,F,urban,primary,7,owned,pre_mature,6
1530,24,F,urban,technical,5,rented,single,4
1531,21,F,urban,none,7,owned,single,6
1532,32,F,urban,secondary,7,rented,young_family,6
1533,18,M,urban,primary,7,family,single,6
1534,50,M,rural,secondary,3,owned,senior_family,2
1535,48,F,urban,none,5,other,senior_family,4
1536,48,F,urban,secondary,2,rented,senior_family,1
1537,22,M,urban,technical,7,rented,single,6
1538,70,F,urban,primary,3,owned,mature,2
1539,73,M,urban,technical,4,rented,mature,3
1540,51,F,urban,secondary,5,rented,senior_family,4
1541,18,M,urban,secondary,6,owned,single,5
1542,40,F,rural,secondary,6,rented,mid_family,5
1543,58,M,rural,secondary,7,owned,pre_mature,6
1544,60,F,urban,technical,5,other,pre_mature,4
1545,31,F,urban,technical,6,owned,young_family,5
1546,64,M,urban,technical,5,rented,pre_mature,4
1547,73,F,urban,primary,3,rented,mature,2
1548,46,F,rural,technical,7,rented,senior_family,6
1549,39,F,rural,primary,3,family,mid_family,2
1550,47,M,urban,secondary,5,family,senior_family,4
1551,19,F,rural,none,3,owned,single,2
1552,47,F,urban,primary,4,rented,senior_family,3
1553,19,F,urban,secondary,3,rented,single,2
1554,19,M,urban,university,2,owned,single,1
1555,49,F,urban,none,6,rented,senior_family,5
1556,47,M,rural,secondary,6,owned,senior_family,5
1557,74,M,rural,secondary,5,family,mature,4
1558,46,M,urban,university,1,rented,senior_family,0
1559,73,M,urban,technical,2,rented,mature,1
1560,64,M,urban,primary,2,rented,pre_mature,1
1561,37,M,urban,primary,5,other,mid_family,4
1562,70,F,urban,secondary,7,rented,mature,6
1563,45,F,urban,primary,3,family,senior_family,2
1564,51,M,urban,university,3,family,senior_family,2
1565,23,F,urban,university,4,owned,single,3
1566,30,F,urban,university,7,owned,young_family,6
1567,47,F,rural,primary,3,owned,senior_family,2
1568,33,F,urban,technical,2,rented,young_family,1
1569,52,F,urban,technical,4,rented,senior_family,3
1570,22,F,urban,none,7,owned,single,6
1571,32,F,urban,primary,6,other,young_family,5
1572,55,F,urban,primary,4,owned,pre_mature,3
1573,52,M,urban,secondary,6,rented,senior_family,5
1574,74,F,urban,university,1,rented,mature,0
1575,69,F,urban,technical,6,rented,mature,5
1576,64,F,urban,primary,1,owned,pre_mature,0
1577,18,F,urban,secondary,3,rented,single,2
1578,52,M,rural,primary,3,rented,senior_family,2
1579,31,M,urban,primary,5,owned,young_family,4
1580,33,F,urban,primary,2,rented,young_family,1
1581,29,F,urban,secondary,2,rented,young_family,1
1582,43,F,urban,technical,7,rented,mid_family,6
1583,25,F,urban,technical,4,rented,young_family,3
1584,48,F,urban,university,6,rented,senior_family,5
1585,27,F,urban,primary,5,family,young_family,4
1586,46,M,urban,technical,5,rented,senior_family,4
1587,53,F,urban,primary,5,owned,senior_family,4
1588,28,M,rural,secondary,5,rented,young_family,4
1589,23,F,urban,secondary,7,owned,single,6
1590,63,M,urban,none,6,family,pre_mature,5
1591,60,F,urban,primary,3,rented,pre_mature,2
1592,32,M,urban,primary,2,owned,young_family,1
1593,68,M,urban,primary,6,rented,mature,5
1594,30,F,urban,university,3,owned,young_family,2
1595,70,F,urban,primary,3,family,mature,2
1596,24,M,urban,secondary,1,family,single,0
1597,55,F,urban,university,4,rented,pre_mature,3
1598,19,M,rural,secondary,4,rented,single,3
1599,29,M,urban,secondary,6,rented,young_family,5
1600,41,M,urban,university,6,rented,mid_family,5
1601,22,F,rural,primary,6,owned,single,5
1602,44,F,urban,primary,4,family,mid_family,3
1603,31,F,rural,secondary,7,owned,young_family,6
1604,23,F,urban,secondary,7,owned,single,6
1605,72,F,urban,technical,6,owned,mature,5
1606,73,F,rural,none,3,other,mature,2
1607,72,F,urban,secondary,2,family,mature,1
1608,26,M,urban,technical,1,owned,young_family,0
1609,39,M,urban,university,7,owned,mid_family,6
1610,36,M,urban,primary,6,family,mid_family,5
1611,36,F,urban,primary,7,rented,mid_family,6
1612,41,F,rural,university,6,other,mid_family,5
1613,47,M,urban,secondary,4,family,senior_family,3
1614,45,F,urban,none,2,rented,senior_family,1
1615,34,F,urban,primary,1,owned,young_family,0
1616,73,M,urban,technical,6,rented,mature,5
1617,73,M,urban,secondary,3,other,mature,2
1618,36,M,urban,secondary,3,rented,mid_family,2
1619,30,M,rural,university,6,family,young_family,5
1620,48,F,urban,primary,4,rented,senior_family,3
1621,39,F,urban,primary,7,other,mid_family,6
1622,74,M,urban,secondary,4,rented,mature,3
1623,42,M,urban,university,6,owned,mid_family,5
1624,20,M,urban,primary,1,rented,single,0
1625,25,M,urban,technical,3,owned,young_family,2
1626,22,M,urban,primary,2,rented,single,1
1627,39,F,rural,primary,1,family,mid_family,0
1628,36,F,urban,university,7,owned,mid_family,6
1629,66,F,urban,primary,4,other,mature,3
1630,68,M,rural,none,3,owned,mature,2
1631,26,F,urban,technical,3,rented,young_family,2
1632,71,M,rural,secondary,2,other,mature,1
1633,51,M,urban,secondary,1,rented,senior_family,0
1634,35,F,urban,technical,7,family,mid_family,6
1635,41,F,urban,primary,1,other,mid_family,0
1636,43,M,urban,technical,3,rented,mid_family,2
1637,27,M,rural,secondary,2,rented,young_family,1
1638,67,F,urban,primary,7,owned,mature,6
1639,18,F,rural,technical,2,rented,single,1
1640,21,F,rural,secondary,3,owned,single,2
1641,33,M,rural,university,6,family,young_family,5
1642,26,M,rural,university,4,rented,young_family,3
1643,21,M,urban,technical,3,rented,single,2
1644,39,M,urban,secondary,4,family,mid_family,3
1645,39,F,rural,primary,4,owned,mid_family,3
1646,25,F,urban,university,3,other,young_family,2
1647,64,M,urban,secondary,5,owned,pre_mature,4
1648,68,F,urban,technical,3,owned,mature,2
1649,59,F,urban,technical,7,rented,pre_mature,6
1650,47,F,rural,primary,4,owned,senior_family,3
1651,72,M,urban,primary,6,rented,mature,5
1652,37,M,urban,secondary,2,rented,mid_family,1
1653,42,M,rural,secondary,5,family,mid_family,4
1654,18,M,urban,primary,4,owned,single,3
1655,58,M,rural,secondary,6,owned,pre_mature,5
1656,23,M,urban,technical,4,owned,single,3
1657,55,M,urban,secondary,6,rented,pre_mature,5
1658,62,M,urban,primary,1,owned,pre_mature,0
1659,30,F,urban,technical,5,owned,young_family,4
1660,52,F,urban,technical,6,family,senior_family,5
1661,35,M,urban,university,4,family,mid_family,3
1662,40,F,urban,primary,1,family,mid_family,0
1663,48,M,urban,university,4,owned,senior_family,3
1664,32,M,urban,technical,6,rented,young_family,5
1665,63,F,urban,technical,4,owned,pre_mature,3
1666,40,M,rural,secondary,1,rented,mid_family,0
1667,44,M,rural,none,3,rented,mid_family,2
1668,64,M,urban,secondary,7,family,pre_mature,6
1669,30,M,urban,primary,2,rented,young_family,1
1670,43,F,urban,primary,4,owned,mid_family,3
1671,74,M,urban,university,3,rented,mature,2
1672,40,M,rural,primary,5,other,mid_family,4
1673,24,M,rural,university,3,owned,single,2
1674,34,F,urban,secondary,3,family,young_family,2
1675,72,M,urban,technical,5,owned,mature,4
1676,61,F,rural,primary,5,owned,pre_mature,4
1677,64,F,urban,secondary,4,family,pre_mature,3
1678,32,M,urban,secondary,2,owned,young_family,1
1679,65,F,urban,university,1,rented,mature,0
1680,40,M,urban,primary,5,owned,mid_family,4
1681,63,M,urban,primary,3,rented,pre_mature,2
1682,68,M,urban,university,5,rented,mature,4
1683,29,M,urban,primary,3,family,young_family,2
1684,71,F,urban,secondary,6,family,mature,5
1685,54,F,rural,primary,5,rented,senior_family,4
1686,59,M,rural,primary,3,rented,pre_mature,2
1687,61,M,urban,secondary,3,owned,pre_mature,2
1688,27,F,urban,secondary,6,rented,young_family,5
1689,60,M,rural,secondary,1,rented,pre_mature,0
1690,30,M,urban,secondary,1,owned,young_family,0
1691,33,F,urban,technical,1,other,young_family,0
1692,24,F,urban,university,3,owned,single,2
1693,28,F,urban,primary,4,owned,young_family,3
1694,73,M,rural,secondary,3,family,mature,2
1695,36,M,urban,secondary,2,rented,mid_family,1
1696,40,M,urban,technical,3,rented,mid_family,2
1697,45,F,rural,secondary,4,owned,senior_family,3
1698,58,M,urban,technical,3,rented,pre_mature,2
1699,50,M,rural,secondary,5,rented,senior_family,4
1700,48,M,urban,secondary,3,owned,senior_family,2
1701,65,F,urban,technical,7,rented,mature,6
1702,46,F,rural,secondary,7,owned,senior_family,6
1703,61,F,rural,secondary,5,owned,pre_mature,4
1704,69,M,rural,primary,4,owned,mature,3
1705,56,F,rural,secondary,1,owned,pre_mature,0
1706,20,M,urban,primary,5,owned,single,4
1707,33,M,urban,technical,3,rented,young_family,2
1708,53,M,urban,secondary,3,rented,senior_family,2
1709,45,M,rural,primary,6,owned,senior_family,5
1710,34,M,urban,primary,1,rented,young_family,0
1711,37,F,rural,secondary,2,owned,mid_family,1
1712,22,M,rural,university,6,rented,single,5
1713,31,M,rural,secondary,7,family,young_family,6
1714,62,F,rural,primary,4,rented,pre_mature,3
1715,18,F,urban,secondary,4,rented,single,3
1716,65,M,urban,university,7,owned,mature,6
1717,37,F,rural,technical,1,owned,mid_family,0
1718,64,M,urban,primary,4,rented,pre_mature,3
1719,32,M,urban,secondary,2,rented,young_family,1
1720,65,F,rural,technical,4,rented,mature,3
1721,50,F,urban,technical,7,other,senior_family,6
1722,66,M,urban,secondary,5,owned,mature,4
1723,21,M,urban,technical,7,family,single,6
1724,63,M,urban,secondary,4,rented,pre_mature,3
1725,33,M,rural,primary,7,owned,young_family,6
1726,38,F,urban,primary,2,owned,mid_family,1
1727,20,F,urban,secondary,3,rented,single,2
1728,72,F,urban,primary,2,owned,mature,1
1729,54,M,rural,secondary,6,rented,senior_family,5
1730,73,F,rural,technical,4,rented,mature,3
1731,50,M,urban,technical,2,rented,senior_family,1
1732,27,M,urban,none,2,rented,young_family,1
1733,37,M,urban,primary,3,rented,mid_family,2
1734,43,M,urban,technical,2,rented,mid_family,1
1735,26,F,urban,secondary,5,family,young_family,4
1736,71,F,urban,primary,6,owned,mature,5
1737,72,F,urban,technical,7,other,mature,6
1738,50,F,urban,primary,2,owned,senior_family,1
1739,51,F,urban,primary,4,owned,senior_family,3
1740,58,F,urban,technical,4,rented,pre_mature,3
1741,56,F,urban,secondary,4,owned,pre_mature,3
1742,21,F,urban,secondary,4,owned,single,3
1743,48,F,urban,technical,2,owned,senior_family,1
1744,62,M,urban,university,1,rented,pre_mature,0
1745,63,F,rural,none,3,rented,pre_mature,2
1746,51,M,urban,secondary,1,owned,senior_family,0
1747,69,M,rural,primary,1,rented,mature,0
1748,51,F,urban,secondary,4,owned,senior_family,3
1749,39,M,urban,secondary,7,other,mid_family,6
1750,43,M,urban,secondary,4,owned,mid_family,3
1751,57,M,urban,primary,1,rented,pre_mature,0
1752,68,M,rural,technical,6,rented,mature,5
1753,31,F,rural,secondary,5,rented,young_family,4
1754,34,F,urban,university,3,other,young_family,2
1755,55,M,rural,secondary,2,owned,pre_mature,1
1756,61,F,urban,technical,7,rented,pre_mature,6
1757,40,F,rural,secondary,4,rented,mid_family,3
1758,54,F,rural,secondary,1,rented,senior_family,0
1759,18,M,urban,technical,2,rented,single,1
1760,34,M,rural,technical,2,owned,young_family,1
1761,72,M,rural,secondary,3,owned,mature,2
1762,50,M,urban,secondary,3,owned,senior_family,2
1763,67,F,urban,secondary,4,other,mature,3
1764,30,M,rural,secondary,3,rented,young_family,2
1765,34,F,urban,secondary,5,owned,young_family,4
1766,73,F,urban,technical,4,rented,mature,3
1767,74,M,rural,secondary,7,rented,mature,6
1768,67,M,urban,secondary,6,rented,mature,5
1769,36,F,rural,secondary,3,rented,mid_family,2
1770,63,F,urban,university,1,rented,pre_mature,0
1771,44,M,urban,primary,5,owned,mid_family,4
1772,66,F,rural,primary,3,rented,mature,2
1773,66,F,urban,primary,7,owned,mature,6
1774,42,F,urban,technical,3,owned,mid_family,2
1775,35,M,urban,secondary,3,rented,mid_family,2
1776,73,F,urban,secondary,3,rented,mature,2
1777,43,F,urban,primary,7,other,mid_family,6
1778,42,M,urban,university,1,owned,mid_family,0
1779,55,F,rural,secondary,7,rented,pre_mature,6
1780,71,F,rural,secondary,2,family,mature,1
1781,25,M,rural,primary,6,rented,young_family,5
1782,74,F,urban,primary,4,other,mature,3
1783,42,F,urban,primary,4,other,mid_family,3
1784,19,F,urban,secondary,2,family,single,1
1785,35,F,rural,secondary,6,other,mid_family,5
1786,44,M,urban,primary,5,rented,mid_family,4
1787,56,M,rural,secondary,4,rented,pre_mature,3
1788,50,M,urban,none,4,family,senior_family,3
1789,25,F,urban,secondary,5,family,young_family,4
1790,45,M,rural,primary,4,owned,senior_family,3
1791,31,F,urban,primary,7,owned,young_family,6
1792,33,M,rural,none,1,owned,young_family,0
1793,58,M,rural,technical,2,family,pre_mature,1
1794,63,F,urban,university,6,owned,pre_mature,5
1795,26,F,urban,secondary,6,owned,young_family,5
1796,52,M,urban,primary,3,rented,senior_family,2
1797,42,M,rural,university,4,owned,mid_family,3
1798,37,M,rural,university,1,other,mid_family,0
1799,58,M,urban,secondary,2,rented,pre_mature,1
1800,32,M,urban,primary,7,owned,young_family,6
1801,61,F,urban,technical,5,owned,pre_mature,4
1802,40,M,urban,university,1,rented,mid_family,0
1803,23,M,rural,technical,6,rented,single,5
1804,63,M,rural,secondary,3,rented,pre_mature,2
1805,66,M,urban,secondary,4,owned,mature,3
1806,50,F,urban,university,6,family,senior_family,5
1807,59,M,urban,primary,6,rented,pre_mature,5
1808,26,M,urban,primary,1,rented,young_family,0
1809,37,F,urban,technical,3,rented,mid_family,2
1810,37,F,rural,primary,2,other,mid_family,1
1811,61,F,urban,secondary,7,rented,pre_mature,6
1812,38,F,urban,primary,6,rented,mid_family,5
1813,59,F,urban,primary,5,other,pre_mature,4
1814,35,F,urban,none,1,family,mid_family,0
1815,52,F,urban,secondary,6,rented,senior_family,5
1816,29,M,rural,secondary,4,rented,young_family,3
1817,49,F,urban,secondary,2,rented,senior_family,1
1818,22,F,urban,secondary,4,rented,single,3
1819,59,F,urban,university,4,owned,pre_mature,3
1820,19,M,urban,secondary,3,rented,single,2
1821,74,F,urban,university,7,rented,mature,6
1822,65,M,urban,secondary,7,owned,mature,6
1823,50,F,urban,none,1,family,senior_family,0
1824,69,M,rural,technical,7,owned,mature,6
1825,64,F,urban,technical,3,family,pre_mature,2
1826,26,F,urban,primary,6,owned,young_family,5
1827,60,M,urban,secondary,6,owned,pre_mature,5
1828,39,M,rural,technical,5,owned,mid_family,4
1829,66,M,urban,primary,6,rented,mature,5
1830,67,F,rural,secondary,5,rented,mature,4
1831,72,F,urban,primary,6,owned,mature,5
1832,43,F,rural,none,3,rented,mid_family,2
1833,29,M,urban,university,6,rented,young_family,5
1834,25,F,urban,secondary,7,owned,young_family,6
1835,27,F,urban,technical,7,owned,young_family,6
1836,74,M,urban,technical,2,owned,mature,1
1837,51,M,rural,university,4,owned,senior_family,3
1838,38,M,urban,secondary,4,owned,mid_family,3
1839,43,M,urban,secondary,5,rented,mid_family,4
1840,27,M,urban,primary,5,rented,young_family,4
1841,50,M,urban,secondary,6,family,senior_family,5
1842,42,M,urban,secondary,4,rented,mid_family,3
1843,63,M,rural,technical,5,rented,pre_mature,4
1844,19,M,urban,secondary,7,owned,single,6
1845,71,F,urban,primary,1,owned,mature,0
1846,21,F,rural,university,5,rented,single,4
1847,41,M,urban,technical,3,owned,mid_family,2
1848,37,F,urban,secondary,7,owned,mid_family,6
1849,58,F,urban,technical,4,other,pre_mature,3
1850,55,M,urban,secondary,5,owned,pre_mature,4
1851,29,M,urban,technical,6,owned,young_family,5
1852,45,M,urban,secondary,2,family,senior_family,1
1853,48,F,rural,secondary,4,owned,senior_family,3
1854,44,M,urban,primary,6,rented,mid_family,5
1855,19,M,urban,primary,6,owned,single,5
1856,28,F,urban,technical,2,rented,young_family,1
1857,46,F,urban,secondary,6,other,senior_family,5
1858,32,M,rural,none,2,rented,young_family,1
1859,49,F,urban,primary,2,rented,senior_family,1
1860,27,M,urban,secondary,6,owned,young_family,5
1861,59,F,urban,technical,5,rented,pre_mature,4
1862,28,F,rural,secondary,4,rented,young_family,3
1863,55,F,urban,technical,4,owned,pre_mature,3
1864,65,M,rural,university,7,owned,mature,6
1865,38,M,urban,secondary,2,rented,mid_family,1
1866,25,F,urban,technical,3,family,young_family,2
1867,18,M,urban,primary,4,family,single,3
1868,38,F,urban,secondary,6,family,mid_family,5
1869,24,M,urban,primary,4,rented,single,3
1870,68,M,urban,primary,6,rented,mature,5
1871,73,M,urban,primary,6,family,mature,5
1872,73,M,urban,primary,7,owned,mature,6
1873,70,F,urban,technical,4,rented,mature,3
1874,51,M,urban,secondary,4,owned,senior_family,3
1875,36,F,urban,university,1,other,mid_family,0
1876,43,F,urban,secondary,1,family,mid_family,0
1877,32,F,urban,secondary,4,family,young_family,3
1878,65,F,rural,primary,6,owned,mature,5
1879,42,F,urban,secondary,6,other,mid_family,5
1880,39,F,urban,secondary,3,owned,mid_family,2
1881,57,M,urban,university,4,owned,pre_mature,3
1882,39,F,rural,university,6,rented,mid_family,5
1883,38,F,urban,primary,3,rented,mid_family,2
1884,30,M,urban,secondary,2,family,young_family,1
1885,21,F,urban,secondary,7,owned,single,6
1886,20,M,urban,secondary,4,rented,single,3
1887,40,F,rural,primary,2,rented,mid_family,1
1888,74,M,urban,technical,2,owned,mature,1
1889,32,F,urban,technical,3,family,young_family,2
1890,54,M,urban,secondary,2,owned,senior_family,1
1891,36,F,rural,secondary,4,owned,mid_family,3
1892,35,M,rural,primary,6,rented,mid_family,5
1893,27,F,rural,university,6,rented,young_family,5
1894,50,M,rural,primary,7,family,senior_family,6
1895,55,F,rural,primary,6,owned,pre_mature,5
1896,37,M,urban,primary,3,owned,mid_family,2
1897,48,M,urban,technical,1,family,senior_family,0
1898,45,M,urban,technical,2,rented,senior_family,1
1899,33,F,urban,none,6,rented,young_family,5
1900,57,M,urban,primary,3,owned,pre_mature,2
1901,49,F,urban,technical,6,other,senior_family,5
1902,21,M,urban,secondary,4,rented,single,3
1903,46,F,urban,none,7,owned,senior_family,6
1904,40,M,urban,university,4,owned,mid_family,3
1905,63,M,urban,primary,7,owned,pre_mature,6
1906,35,M,urban,secondary,2,owned,mid_family,1
1907,72,M,urban,primary,6,owned,mature,5
1908,53,M,urban,technical,4,owned,senior_family,3
1909,25,M,urban,technical,2,owned,young_family,1
1910,40,F,urban,secondary,2,rented,mid_family,1
1911,68,F,rural,technical,3,rented,mature,2
1912,32,M,urban,university,2,rented,young_family,1
1913,58,F,urban,technical,7,family,pre_mature,6
1914,62,M,rural,secondary,2,owned,pre_mature,1
1915,57,M,rural,secondary,5,family,pre_mature,4
1916,23,M,urban,university,4,family,single,3
1917,39,M,urban,none,4,other,mid_family,3
1918,37,M,urban,none,5,owned,mid_family,4
1919,37,F,urban,primary,7,owned,mid_family,6
1920,68,F,urban,technical,7,rented,mature,6
1921,18,F,rural,primary,7,owned,single,6
1922,48,M,rural,primary,4,owned,senior_family,3
1923,73,M,urban,secondary,6,owned,mature,5
1924,67,F,urban,primary,2,rented,mature,1
1925,52,M,rural,secondary,7,family,senior_family,6
1926,74,M,urban,secondary,2,owned,mature,1
1927,40,M,rural,primary,1,family,mid_family,0
1928,52,M,urban,university,6,rented,senior_family,5
1929,48,F,urban,primary,6,owned,senior_family,5
1930,20,M,rural,technical,1,rented,single,0
1931,20,M,rural,secondary,7,owned,single,6
1932,69,F,urban,primary,1,family,mature,0
1933,27,F,urban,primary,1,rented,young_family,0
1934,38,M,urban,secondary,7,rented,mid_family,6
1935,53,M,urban,secondary,2,rented,senior_family,1
1936,50,F,rural,primary,2,owned,senior_family,1
1937,47,M,urban,university,6,family,senior_family,5
1938,73,M,urban,secondary,5,family,mature,4
1939,62,M,urban,university,4,rented,pre_mature,3
1940,71,M,urban,primary,7,rented,mature,6
1941,55,F,rural,primary,1,owned,pre_mature,0
1942,73,F,urban,secondary,7,owned,mature,6
1943,52,F,urban,primary,2,owned,senior_family,1
1944,48,F,rural,primary,5,rented,senior_family,4
1945,64,F,urban,primary,3,rented,pre_mature,2
1946,67,F,urban,primary,3,family,mature,2
1947,21,F,urban,technical,3,owned,single,2
1948,69,M,urban,primary,4,owned,mature,3
1949,57,M,urban,university,7,owned,pre_mature,6
1950,69,F,urban,primary,1,other,mature,0
1951,58,M,urban,secondary,5,rented,pre_mature,4
1952,70,M,urban,secondary,7,rented,mature,6
1953,33,M,urban,secondary,6,rented,young_family,5
1954,28,F,urban,university,7,rented,young_family,6
1955,29,M,urban,technical,1,owned,young_family,0
1956,32,M,urban,none,3,owned,young_family,2
1957,30,M,urban,secondary,3,owned,young_family,2
1958,43,M,urban,technical,4,owned,mid_family,3
1959,29,F,urban,none,3,rented,young_family,2
1960,27,M,urban,secondary,2,owned,young_family,1
1961,47,M,urban,primary,6,rented,senior_family,5
1962,63,M,urban,secondary,2,rented,pre_mature,1
1963,25,F,urban,secondary,7,rented,young_family,6
1964,47,F,urban,secondary,1,other,senior_family,0
1965,55,M,urban,university,3,owned,pre_mature,2
1966,58,M,rural,secondary,5,rented,pre_mature,4
1967,23,F,urban,university,7,owned,single,6
1968,59,F,urban,technical,6,rented,pre_mature,5
1969,19,M,rural,secondary,1,rented,single,0
1970,31,M,urban,secondary,6,owned,young_family,5
1971,36,M,urban,secondary,3,owned,mid_family,2
1972,66,M,urban,technical,7,rented,mature,6
1973,28,F,urban,primary,6,rented,young_family,5
1974,62,F,rural,university,2,rented,pre_mature,1
1975,74,F,urban,secondary,3,rented,mature,2
1976,72,F,urban,secondary,6,rented,mature,5
1977,35,M,rural,secondary,7,rented,mid_family,6
1978,23,F,urban,secondary,5,owned,single,4
1979,30,M,urban,technical,2,rented,young_family,1
1980,61,M,urban,technical,3,rented,pre_mature,2
1981,29,F,urban,primary,6,family,young_family,5
1982,54,M,urban,secondary,5,rented,senior_family,4
1983,39,F,urban,secondary,2,rented,mid_family,1
1984,61,F,urban,secondary,2,other,pre_mature,1
1985,52,F,urban,secondary,2,family,senior_family,1
1986,51,F,urban,primary,4,owned,senior_family,3
1987,62,M,urban,technical,4,family,pre_mature,3
1988,72,M,urban,secondary,4,owned,mature,3
1989,38,F,rural,secondary,7,family,mid_family,6
1990,48,F,urban,technical,5,owned,senior_family,4
1991,53,F,rural,technical,5,rented,senior_family,4
1992,64,M,urban,technical,3,other,pre_mature,2
1993,45,M,urban,primary,5,owned,senior_family,4
1994,39,M,urban,primary,7,family,mid_family,6
1995,66,F,rural,technical,1,rented,mature,0
1996,72,F,urban,primary,3,owned,mature,2
1997,50,F,urban,primary,1,other,senior_family,0
1998,23,M,rural,primary,2,rented,single,1
1999,34,M,urban,secondary,1,family,young_family,0
2000,44,M,urban,university,5,family,mid_family,4
